artist,album,track_number,id,name,uri,duration_ms,acousticness,danceability,energy,instrumentalness,liveness,loudness,speechiness,tempo,valence,popularity
Angeline Quinto,@LoveAngelineQuinto,1,48pPpT5Xyli4tBCMiy4Zhs,"Para Bang, Para Lang",spotify:track:48pPpT5Xyli4tBCMiy4Zhs,248711,0.651,0.67,0.533,0.0,0.174,-5.851,0.0394,90.089,0.447,28
Angeline Quinto,@LoveAngelineQuinto,2,12fSfbtn43L2KO6kqqW0rj,'Di Na Tayo,spotify:track:12fSfbtn43L2KO6kqqW0rj,270132,0.292,0.71,0.657,1.48e-05,0.236,-5.509,0.047,139.965,0.425,28
Angeline Quinto,@LoveAngelineQuinto,3,6B2UndFWylp4Y93FwADGVb,At Ang Hirap,spotify:track:6B2UndFWylp4Y93FwADGVb,257567,0.843,0.434,0.357,1.69e-06,0.169,-8.532,0.0507,129.769,0.14,53
Angeline Quinto,@LoveAngelineQuinto,4,0Ba6MOshEq4QBV5qM4X0UZ,Parang Tayo Pero Hindi,spotify:track:0Ba6MOshEq4QBV5qM4X0UZ,226377,0.711,0.527,0.413,0.0,0.327,-7.574,0.032,127.282,0.236,19
Angeline Quinto,@LoveAngelineQuinto,5,3Lc6STDL8CQfAY4t8QVZjT,Awit Ng Pag-ibig,spotify:track:3Lc6STDL8CQfAY4t8QVZjT,249939,0.858,0.35,0.283,1.97e-06,0.0628,-8.12,0.0382,129.872,0.188,18
Angeline Quinto,@LoveAngelineQuinto,6,551gJb0O4V4IA8HtuLeXXD,Ang Pag-ibig Ko'y Ikaw,spotify:track:551gJb0O4V4IA8HtuLeXXD,273293,0.942,0.444,0.223,2.47e-05,0.123,-9.135,0.0341,76.461,0.255,18
Angeline Quinto,@LoveAngelineQuinto,7,3qXuyBLqetZRDInLJqpeL6,Paano Ba Ang Huwag Kang Mahalin,spotify:track:3qXuyBLqetZRDInLJqpeL6,229250,0.956,0.437,0.264,0.00229,0.0813,-9.822,0.04,126.997,0.322,18
Angeline Quinto,@LoveAngelineQuinto,8,3megxm4xWsConN0SIGHPqg,Nanghihinayang,spotify:track:3megxm4xWsConN0SIGHPqg,285596,0.741,0.593,0.234,3.37e-06,0.094,-8.807,0.0367,121.885,0.426,40
Angeline Quinto,@LoveAngelineQuinto,9,4VNXZHKy6HBKGosrWUnMxh,Kailangan Kita,spotify:track:4VNXZHKy6HBKGosrWUnMxh,264045,0.933,0.371,0.245,2.67e-05,0.0907,-8.253,0.0324,130.022,0.337,36
Angeline Quinto,@LoveAngelineQuinto,10,3JKbROtYB8oLkAo1nqNrg4,"Para Bang, Para Lang - Acoustic Remix",spotify:track:3JKbROtYB8oLkAo1nqNrg4,233116,0.684,0.641,0.541,1.08e-06,0.301,-7.19,0.0315,93.988,0.357,14
Angeline Quinto,Sana Bukas Pa Ang Kahapon,1,6VeOvyaMBynIqMSY5uZpfx,Gusto Kita,spotify:track:6VeOvyaMBynIqMSY5uZpfx,288000,0.594,0.461,0.474,0.0,0.0976,-7.479,0.0347,71.76,0.276,46
Angeline Quinto,Sana Bukas Pa Ang Kahapon,2,41DL92BdNCc5SVKb0K2mTW,Why Can't It Be,spotify:track:41DL92BdNCc5SVKb0K2mTW,227448,0.635,0.623,0.346,0.0033,0.0987,-8.524,0.0382,125.952,0.189,38
Angeline Quinto,Sana Bukas Pa Ang Kahapon,3,4cn755HC6F6BTjJ0GNEccv,Umiiyak Ang Puso,spotify:track:4cn755HC6F6BTjJ0GNEccv,291944,0.772,0.637,0.49,1.47e-06,0.0715,-7.508,0.0384,129.988,0.327,40
Angeline Quinto,Sana Bukas Pa Ang Kahapon,4,45rkTL4dqJo0ENnY2rkqTI,Someday,spotify:track:45rkTL4dqJo0ENnY2rkqTI,227892,0.263,0.646,0.493,1.09e-06,0.125,-7.314,0.0391,126.139,0.187,30
Angeline Quinto,Sana Bukas Pa Ang Kahapon,5,1Z4S3lmlIU5Cl5XRC2eynj,Wherever You Are,spotify:track:1Z4S3lmlIU5Cl5XRC2eynj,286275,0.907,0.561,0.3,7.84e-05,0.115,-9.397,0.0327,99.821,0.229,32
Angeline Quinto,Sana Bukas Pa Ang Kahapon,6,1WWyNkpStGdwTv0YFWNQiO,Hindi ko Kaya,spotify:track:1WWyNkpStGdwTv0YFWNQiO,304796,0.89,0.621,0.319,3.09e-05,0.089,-8.065,0.0309,109.944,0.256,41
Angeline Quinto,Sana Bukas Pa Ang Kahapon,7,3bSRa6ygplMrySCSBxJAzP,Muli,spotify:track:3bSRa6ygplMrySCSBxJAzP,277028,0.62,0.652,0.37,0.000653,0.111,-9.566,0.0387,126.049,0.229,36
Angeline Quinto,Sana Bukas Pa Ang Kahapon,8,2sEyQuRFRu3U5DGP1mcUOj,Forever,spotify:track:2sEyQuRFRu3U5DGP1mcUOj,241632,0.929,0.378,0.248,3.79e-06,0.093,-8.658,0.0371,117.765,0.334,38
Angeline Quinto,Sana Bukas Pa Ang Kahapon,9,3nq5RxPmKsFmiFFsuzuixx,Sana Bukas Pa Ang Kahapon,spotify:track:3nq5RxPmKsFmiFFsuzuixx,299911,0.935,0.371,0.277,0.000218,0.119,-8.192,0.0314,85.113,0.212,29
Angeline Quinto,Sana Bukas Pa Ang Kahapon,10,2rs03XVHMa2Ov6F93f0JbL,Gusto Kita - Minus One,spotify:track:2rs03XVHMa2Ov6F93f0JbL,287933,0.0831,0.519,0.391,0.111,0.107,-11.586,0.036,72.004,0.293,12
Angeline Quinto,Sana Bukas Pa Ang Kahapon,11,678mSaLBo6aedt4LN9dxjq,Why Can't It Be - Minus One,spotify:track:678mSaLBo6aedt4LN9dxjq,230160,0.165,0.674,0.299,0.826,0.348,-12.585,0.0444,126.052,0.108,11
Angeline Quinto,Sana Bukas Pa Ang Kahapon,12,35fmbNKcKzfNvabCmQZpTg,Umiiyak Ang Puso - Minus One,spotify:track:35fmbNKcKzfNvabCmQZpTg,291880,0.16,0.67,0.411,0.73,0.0837,-12.018,0.0372,130.018,0.281,11
Angeline Quinto,Sana Bukas Pa Ang Kahapon,13,0qpPzt4adwTbc2tMsDih8B,Someday - Minus One,spotify:track:0qpPzt4adwTbc2tMsDih8B,227826,0.0378,0.643,0.401,0.847,0.126,-13.652,0.0442,126.051,0.536,9
Angeline Quinto,Sana Bukas Pa Ang Kahapon,14,4yeCYkheyvyySY3t8iN1X0,Wherever You Are - Minus One,spotify:track:4yeCYkheyvyySY3t8iN1X0,286213,0.561,0.612,0.189,0.636,0.106,-15.791,0.0464,99.996,0.136,10
Angeline Quinto,Sana Bukas Pa Ang Kahapon,15,4fD6mqYsZwa5Pe4fSezqBE,Hindi ko Kaya - Minus One,spotify:track:4fD6mqYsZwa5Pe4fSezqBE,304733,0.325,0.689,0.261,0.518,0.0737,-13.597,0.0379,109.978,0.414,10
Angeline Quinto,Sana Bukas Pa Ang Kahapon,16,3Qyd7XFlNJx6z6715IeN4Q,Muli - Minus One,spotify:track:3Qyd7XFlNJx6z6715IeN4Q,276973,0.0657,0.652,0.303,0.845,0.114,-13.164,0.0585,125.995,0.123,10
Angeline Quinto,Sana Bukas Pa Ang Kahapon,17,5RPROZhTdIYdATG0fOw0fe,Forever - Minus One,spotify:track:5RPROZhTdIYdATG0fOw0fe,241560,0.983,0.626,0.132,0.852,0.0864,-15.39,0.0407,119.985,0.131,10
Angeline Quinto,Sana Bukas Pa Ang Kahapon,18,4f1jpdk3Lz2ogTq7uK8RKk,Sana Bukas Pa Ang Kahapon - Minus One,spotify:track:4f1jpdk3Lz2ogTq7uK8RKk,297840,0.94,0.234,0.116,0.915,0.117,-14.267,0.0336,133.925,0.0383,11
Angeline Quinto,Higher Love,1,3oqCi7Li3yKKMm3in1Ny0J,Higher Love,spotify:track:3oqCi7Li3yKKMm3in1Ny0J,194320,0.526,0.493,0.623,1.16e-05,0.124,-7.467,0.315,101.892,0.343,6
Angeline Quinto,Higher Love,2,19nYxNCw12L6PdqLzjYw5H,Sana2X,spotify:track:19nYxNCw12L6PdqLzjYw5H,205266,0.155,0.777,0.817,0.00169,0.227,-5.623,0.0411,125.019,0.811,28
Angeline Quinto,Higher Love,3,0VgMEQnht8sKayIaKb1fYW,Nag-iisa Lang,spotify:track:0VgMEQnht8sKayIaKb1fYW,271080,0.865,0.506,0.301,1.37e-05,0.112,-10.264,0.0338,78.1,0.185,40
Angeline Quinto,Higher Love,4,2TIjEsOaJsrcblTf3go6aX,Sino Ako Sa 'Yo,spotify:track:2TIjEsOaJsrcblTf3go6aX,242333,0.74,0.508,0.474,0.0,0.366,-7.342,0.0341,77.297,0.172,28
Angeline Quinto,Higher Love,5,22b8YlR2nWP5U6omMo7hjN,Ako Na Lang,spotify:track:22b8YlR2nWP5U6omMo7hjN,242413,0.852,0.606,0.262,9.47e-05,0.132,-9.177,0.0431,120.717,0.201,28
Angeline Quinto,Higher Love,6,5kS3zkUIEWman2GLGpjoX9,Ikaw Ang Aking Mundo,spotify:track:5kS3zkUIEWman2GLGpjoX9,285653,0.799,0.544,0.335,0.000138,0.0957,-10.369,0.0364,146.04,0.153,20
Angeline Quinto,Higher Love,7,53IGnOJ7k1aiJF0InqEdDn,Babalikang Muli - Adaptation of Namidaga Kimio Wasurenai,spotify:track:53IGnOJ7k1aiJF0InqEdDn,242146,0.912,0.411,0.261,1.27e-05,0.135,-11.764,0.0317,139.783,0.338,32
Angeline Quinto,Higher Love,8,5GnxlH9O1MeBHvGsXEaWCQ,Kung Sakali Man,spotify:track:5GnxlH9O1MeBHvGsXEaWCQ,221146,0.679,0.601,0.41,0.0,0.088,-8.098,0.0344,134.106,0.247,36
Angeline Quinto,Higher Love,9,21nkS7HVDi7ZUKNs0gAO2K,Bring Back the Times,spotify:track:21nkS7HVDi7ZUKNs0gAO2K,240786,0.865,0.621,0.42,0.00011,0.141,-7.464,0.0308,134.086,0.167,16
Angeline Quinto,Higher Love,10,3fb6lCKvTrd21hqlF9RyN4,Hanggang Kailan Kita Mamahalin,spotify:track:3fb6lCKvTrd21hqlF9RyN4,292626,0.87,0.397,0.285,6.99e-05,0.215,-9.806,0.0357,111.558,0.283,44
Angeline Quinto,Higher Love,11,3iA1XNInGznyM1M2dHufNa,Sana2X - Brian Cua Club Diva Mix,spotify:track:3iA1XNInGznyM1M2dHufNa,351693,0.00525,0.748,0.957,0.0093,0.325,-6.732,0.0985,127.999,0.66,5
Angeline Quinto,Higher Love,12,27mbIA9jwRGWbheAzmzN46,Higher Love - Brian Cua HigherDiva Mix,spotify:track:27mbIA9jwRGWbheAzmzN46,244186,0.123,0.349,0.849,0.107,0.562,-4.946,0.0399,204.064,0.557,5
Angeline Quinto,Higher Love,13,0f5SbdcScwaXMJzBB33FOT,Nag-iisa Lang - Minus One,spotify:track:0f5SbdcScwaXMJzBB33FOT,271080,0.402,0.523,0.279,0.711,0.113,-14.559,0.0309,77.995,0.11,5
Angeline Quinto,Higher Love,14,3RDDAoZkmERM9HokyLP0Ix,Sino Ako Sa 'Yo - Minus One,spotify:track:3RDDAoZkmERM9HokyLP0Ix,242333,0.298,0.547,0.349,0.775,0.364,-12.777,0.0268,77.032,0.202,4
Angeline Quinto,Higher Love,15,6nKvrVZUxRSGUVcHC96X32,Ikaw Ang Aking Mundo - Minus One,spotify:track:6nKvrVZUxRSGUVcHC96X32,285653,0.0619,0.564,0.234,0.911,0.103,-14.27,0.029,146.012,0.0686,4
Angeline Quinto,Higher Love,16,2i6oDLXFMbJNDnlgadMdgt,Babalikang Muli - Minus One,spotify:track:2i6oDLXFMbJNDnlgadMdgt,242146,0.748,0.444,0.208,0.718,0.14,-11.226,0.0269,70.001,0.185,5
Angeline Quinto,Higher Love,17,3tEKZtqpRXBedrlV9QR7pH,Kung Sakali Man - Minus One,spotify:track:3tEKZtqpRXBedrlV9QR7pH,221146,0.0194,0.571,0.391,0.824,0.0868,-11.972,0.0324,133.982,0.072,4
Angeline Quinto,Higher Love,18,2UI6Kz2FcoBUCA1WTUe0M7,Bring Back the Times - Minus One,spotify:track:2UI6Kz2FcoBUCA1WTUe0M7,238786,0.363,0.631,0.368,0.76,0.142,-8.858,0.0296,134.033,0.126,4
Angeline Quinto,Patuloy Ang Pangarap,1,2PJrY4qb0lqNZDgDxRVOyC,Patuloy Ang Pangarap,spotify:track:2PJrY4qb0lqNZDgDxRVOyC,240799,0.711,0.522,0.51,0.0,0.113,-6.285,0.0288,130.003,0.189,39
Angeline Quinto,Patuloy Ang Pangarap,2,6HAO91i2tXx1x2VOzB0sRQ,Muling Magmamahal,spotify:track:6HAO91i2tXx1x2VOzB0sRQ,263657,0.83,0.412,0.5,7.19e-06,0.101,-6.466,0.0305,143.88,0.229,32
Angeline Quinto,Patuloy Ang Pangarap,3,7fqIey8MmR87K4QdC8V4Zx,Panghabang Panahon,spotify:track:7fqIey8MmR87K4QdC8V4Zx,246024,0.853,0.571,0.398,1.57e-05,0.128,-6.723,0.0293,124.075,0.353,12
Angeline Quinto,Patuloy Ang Pangarap,4,0ZK52G9qvEHrGQE2nJ2UrM,Wag Mo Akong Iwan Mag Isa,spotify:track:0ZK52G9qvEHrGQE2nJ2UrM,269508,0.853,0.364,0.229,3.11e-05,0.141,-9.464,0.0332,134.369,0.334,32
Angeline Quinto,Patuloy Ang Pangarap,5,3MtaCTh4lY39FCSUda9X6E,Sana Ngayon Lang Ang Kahapon,spotify:track:3MtaCTh4lY39FCSUda9X6E,296492,0.843,0.367,0.437,1.58e-05,0.125,-5.508,0.0289,142.382,0.171,30
Angeline Quinto,Patuloy Ang Pangarap,6,1hX8lHhrpDYcDdQSmt5DS7,Patuloy Ang Pangarap - Alternate Version,spotify:track:1hX8lHhrpDYcDdQSmt5DS7,250439,0.617,0.545,0.522,0.0,0.158,-5.407,0.0267,130.005,0.301,25
Angeline Quinto,Patuloy Ang Pangarap,7,18A4fQkJY7QOLhPiw7iMOe,Patuloy Ang Pangarap - Brian Cua Club Diva Radio Edit,spotify:track:18A4fQkJY7QOLhPiw7iMOe,235026,0.00893,0.626,0.861,0.0,0.0511,-1.433,0.0308,127.957,0.342,6
Angeline Quinto,Patuloy Ang Pangarap,8,5wZO4WUWcbIrrH92ihxUBq,Patuloy Ang Pangarap - Brian Cua Club Diva Extended Remix,spotify:track:5wZO4WUWcbIrrH92ihxUBq,332045,0.000973,0.658,0.838,0.000106,0.235,-1.3,0.0318,128.0,0.297,5
Angeline Quinto,Patuloy Ang Pangarap,9,0bFeW4ideKLvloYFVgtgLZ,Kunin Mo Na Ang Lahat Sa Akin,spotify:track:0bFeW4ideKLvloYFVgtgLZ,278755,0.942,0.394,0.238,0.00016,0.0921,-9.817,0.0375,128.322,0.21,49
Angeline Quinto,Patuloy Ang Pangarap,10,7FuTRp1ui5srFrustlwjCz,You're My Home,spotify:track:7FuTRp1ui5srFrustlwjCz,243568,0.902,0.227,0.309,0.000165,0.0825,-7.299,0.0379,138.78,0.191,29
Angeline Quinto,Patuloy Ang Pangarap,11,2H4YtuDWSPgUQuMQDUQO6U,Ngayon,spotify:track:2H4YtuDWSPgUQuMQDUQO6U,323817,0.784,0.254,0.479,9.04e-05,0.23,-5.885,0.0319,76.381,0.154,19
Angeline Quinto,Patuloy Ang Pangarap,12,4QfTYYGVwqoFNuXhl5xMzA,Mahiwaga,spotify:track:4QfTYYGVwqoFNuXhl5xMzA,181423,0.953,0.201,0.208,0.000973,0.121,-12.831,0.0413,77.982,0.155,23
Angeline Quinto,Patuloy Ang Pangarap,13,5jD5rNXNFkGmjALNobYwld,Patuloy Ang Pangarap - Minus One,spotify:track:5jD5rNXNFkGmjALNobYwld,240799,0.402,0.498,0.38,0.434,0.113,-10.052,0.027,130.058,0.114,6
Angeline Quinto,Patuloy Ang Pangarap,14,3OhPjfiFio0v7xd4ddRi9O,Muling Magmamahal - Minus One,spotify:track:3OhPjfiFio0v7xd4ddRi9O,266034,0.0736,0.58,0.356,0.691,0.101,-11.532,0.0334,144.032,0.0896,4
Angeline Quinto,Patuloy Ang Pangarap,15,28pAw8Q4BKR9i5Q552ySy5,Panghabang Panahon - Minus One,spotify:track:28pAw8Q4BKR9i5Q552ySy5,247931,0.77,0.581,0.314,0.762,0.131,-11.737,0.0287,124.009,0.0984,4
Angeline Quinto,Patuloy Ang Pangarap,16,07yaZ2hdTQ0ncPd9QULj45,Wag Mo Akong Iwan Mag Isa - Minus One,spotify:track:07yaZ2hdTQ0ncPd9QULj45,270135,0.382,0.358,0.121,0.262,0.15,-14.927,0.0316,135.657,0.111,4
Angeline Quinto,Patuloy Ang Pangarap,17,6VMpDxaR3bJZNqT5VfzQJ3,Sana Ngayon Lang Ang Kahapon - Minus One,spotify:track:6VMpDxaR3bJZNqT5VfzQJ3,296545,0.365,0.521,0.278,0.902,0.131,-10.619,0.0278,141.987,0.133,4
Angeline Quinto,Patuloy Ang Pangarap,18,3cFtgFHnRRkdbRIJdYOUBC,Patuloy Ang Pangarap - Alternate Version of Minus One,spotify:track:3cFtgFHnRRkdbRIJdYOUBC,249603,0.0894,0.599,0.425,0.673,0.161,-10.025,0.0316,130.015,0.211,4
Jona,Shockwave,1,2N85JtbjMKeqNUgz7PqHFD,Fairytale,spotify:track:2N85JtbjMKeqNUgz7PqHFD,155586,0.000253,0.56,0.919,0.957,0.346,-4.344,0.0325,144.964,0.568,45
Jona,Shockwave,2,1bW2JNdrpTOUew8G7UeUhP,Supernovacane,spotify:track:1bW2JNdrpTOUew8G7UeUhP,179955,0.000845,0.514,0.926,0.0345,0.0891,-3.188,0.0317,151.921,0.556,47
Jona,Shockwave,3,0ckNlWYwtIlbl44kQefHuo,Jiggle It,spotify:track:0ckNlWYwtIlbl44kQefHuo,170820,0.00107,0.622,0.81,0.806,0.16,-4.355,0.0457,169.96,0.637,48
Jona,Shockwave,4,4WrPZ198RawgV8uMVwkYWU,Back It Up,spotify:track:4WrPZ198RawgV8uMVwkYWU,160016,0.00663,0.754,0.865,0.000114,0.361,-3.696,0.0478,134.952,0.411,40
Jona,Shockwave,5,4YT2CvoawmCGIHkMccm6qk,VIBR8,spotify:track:4YT2CvoawmCGIHkMccm6qk,179903,0.005,0.508,0.915,0.336,0.0892,-3.396,0.0689,114.644,0.171,51
Jona,Shockwave,6,2OYfxjLnQuPo7Co1WH0Z1S,Bad Bitches (feat. Megan Thee Stallion),spotify:track:2OYfxjLnQuPo7Co1WH0Z1S,152414,0.00033,0.819,0.814,0.328,0.0644,-3.44,0.0382,125.965,0.464,51
Jona,Shockwave,7,23YTJTopRwkkeX6QGsEaKc,Back In Time,spotify:track:23YTJTopRwkkeX6QGsEaKc,160877,0.0108,0.783,0.824,0.000795,0.0748,-4.558,0.0598,139.998,0.413,44
Jona,Shockwave,8,244AoGCbxOWUhaRzTR7Spz,Hitta (feat. Juicy J),spotify:track:244AoGCbxOWUhaRzTR7Spz,170807,0.017,0.732,0.956,6.99e-06,0.357,-2.775,0.0708,145.103,0.375,59
Jona,Shockwave,9,3LuKDSqL4z1BL8HjSwxh5b,House Party,spotify:track:3LuKDSqL4z1BL8HjSwxh5b,205126,0.0331,0.726,0.876,0.00569,0.0658,-4.204,0.16,75.026,0.569,46
Jona,Shockwave,10,6Q7mn0KjoCZGYeuWR8pAmZ,Candy Kid,spotify:track:6Q7mn0KjoCZGYeuWR8pAmZ,129701,3.78e-05,0.61,0.979,0.584,0.114,-3.459,0.0627,150.053,0.423,40
Jona,Shockwave,11,4cLFnU75cTHlBOMrUJcRHr,Pushin Stacks,spotify:track:4cLFnU75cTHlBOMrUJcRHr,214517,0.000655,0.622,0.902,0.523,0.22,-4.539,0.117,140.024,0.496,38
Jona,Shockwave,12,3sOGVdj5VPY6C2XImtlzj7,Shockwave,spotify:track:3sOGVdj5VPY6C2XImtlzj7,181283,0.0231,0.577,0.875,4.69e-06,0.111,-2.897,0.0681,164.009,0.411,69
Jona,Shockwave,1,05SFs7wMaSME4TPh5bdwUH,Fairytale,spotify:track:05SFs7wMaSME4TPh5bdwUH,155586,0.000253,0.56,0.919,0.957,0.346,-4.344,0.0325,144.964,0.568,15
Jona,Shockwave,2,42wOmg6p5O5W80aJFiI0bZ,Supernovacane,spotify:track:42wOmg6p5O5W80aJFiI0bZ,179955,0.000845,0.514,0.926,0.0345,0.0891,-3.188,0.0317,151.921,0.556,17
Jona,Shockwave,3,2AWl31TNxjbhxVtU3TevV6,Jiggle It,spotify:track:2AWl31TNxjbhxVtU3TevV6,170820,0.00107,0.622,0.81,0.806,0.16,-4.355,0.0457,169.96,0.637,16
Jona,Shockwave,4,01J2CVDZemwjPUyCNAFMW4,Back It Up,spotify:track:01J2CVDZemwjPUyCNAFMW4,160016,0.00663,0.754,0.865,0.000114,0.361,-3.696,0.0478,134.952,0.411,13
Jona,Shockwave,5,5VGOUUiAmP5MouYfeYjIQL,Vibr8,spotify:track:5VGOUUiAmP5MouYfeYjIQL,179903,0.005,0.508,0.915,0.336,0.0892,-3.396,0.0689,114.644,0.171,22
Jona,Shockwave,6,49Fl19I0CvpN5D9ritbTt3,Bad Bitches (feat. Megan Thee Stallion),spotify:track:49Fl19I0CvpN5D9ritbTt3,152414,0.00033,0.819,0.814,0.328,0.0644,-3.44,0.0382,125.965,0.464,29
Jona,Shockwave,7,3XeC8DBwCgeGZNamFsUWZC,Back In Time,spotify:track:3XeC8DBwCgeGZNamFsUWZC,160877,0.0108,0.783,0.824,0.000795,0.0748,-4.558,0.0598,139.998,0.413,11
Jona,Shockwave,8,2xMndeoqgROulKzeMpjTt4,Hitta (feat. Juicy J),spotify:track:2xMndeoqgROulKzeMpjTt4,170807,0.017,0.732,0.956,6.99e-06,0.357,-2.775,0.0708,145.103,0.375,11
Jona,Shockwave,9,6g2c8oRCMMvmx7sa69ZxK7,House Party,spotify:track:6g2c8oRCMMvmx7sa69ZxK7,205126,0.0331,0.726,0.876,0.00569,0.0658,-4.204,0.16,75.026,0.569,14
Jona,Shockwave,10,3S9rPxowhuE1JQshpSsPIo,Candy Kid,spotify:track:3S9rPxowhuE1JQshpSsPIo,129701,3.78e-05,0.61,0.979,0.584,0.114,-3.459,0.0627,150.053,0.423,11
Jona,Shockwave,11,3wqskpdcBxYbe9Us3Tta2V,Pushin Stacks,spotify:track:3wqskpdcBxYbe9Us3Tta2V,214517,0.000655,0.622,0.902,0.523,0.22,-4.539,0.117,140.024,0.496,10
Jona,Shockwave,12,6cJXPnHV4E99WpUANJhufx,Shockwave,spotify:track:6cJXPnHV4E99WpUANJhufx,181283,0.0231,0.577,0.875,4.69e-06,0.111,-2.897,0.0681,164.009,0.411,17
Jona,Shockwave,1,1hduBZcHDjaO3Vd2CjUK6U,Fairytale,spotify:track:1hduBZcHDjaO3Vd2CjUK6U,155586,0.000253,0.56,0.919,0.957,0.346,-4.344,0.0325,144.964,0.568,13
Jona,Shockwave,2,1rZYVO0WUmTXagSErwqnHC,Supernovacane,spotify:track:1rZYVO0WUmTXagSErwqnHC,179955,0.000845,0.514,0.926,0.0345,0.0891,-3.188,0.0317,151.921,0.556,13
Jona,Shockwave,3,4aEGoo7mwPsUgCa6ctZLmx,Jiggle It,spotify:track:4aEGoo7mwPsUgCa6ctZLmx,170820,0.00107,0.622,0.81,0.806,0.16,-4.355,0.0457,169.96,0.637,13
Jona,Shockwave,4,6ow7cZCeoLJehqs9vAJ1np,Back It Up,spotify:track:6ow7cZCeoLJehqs9vAJ1np,160016,0.00663,0.754,0.865,0.000114,0.361,-3.696,0.0478,134.952,0.411,9
Jona,Shockwave,5,3XEaTEcW9QS1bXlnxzkjcx,Vibr8,spotify:track:3XEaTEcW9QS1bXlnxzkjcx,179903,0.005,0.508,0.915,0.336,0.0892,-3.396,0.0689,114.644,0.171,13
Jona,Shockwave,6,501gxDdV93Da0xzOu21Rqi,Bad Bitches,spotify:track:501gxDdV93Da0xzOu21Rqi,152414,0.00033,0.819,0.814,0.328,0.0644,-3.44,0.0382,125.965,0.464,24
Jona,Shockwave,7,40TncdsvBdfl5K8YEPIViP,Back in Time,spotify:track:40TncdsvBdfl5K8YEPIViP,160877,0.0108,0.783,0.824,0.000795,0.0748,-4.558,0.0598,139.998,0.413,9
Jona,Shockwave,8,5Tqfni8Eizd4Ilnw8owjbF,Hitta,spotify:track:5Tqfni8Eizd4Ilnw8owjbF,170807,0.017,0.732,0.956,6.99e-06,0.357,-2.775,0.0708,145.103,0.375,26
Jona,Shockwave,9,00Ldd2OH5SqIooMm8QmdJj,House Party,spotify:track:00Ldd2OH5SqIooMm8QmdJj,205126,0.0331,0.726,0.876,0.00569,0.0658,-4.204,0.16,75.026,0.569,10
Jona,Shockwave,10,5HauU5hk58a1elqsxP0dfR,Candy Kid,spotify:track:5HauU5hk58a1elqsxP0dfR,129701,3.78e-05,0.61,0.979,0.584,0.114,-3.459,0.0627,150.053,0.423,7
Jona,Shockwave,11,5IBGxuHbWHgbPrin3VrtsM,Pushin Stacks,spotify:track:5IBGxuHbWHgbPrin3VrtsM,214517,0.000655,0.622,0.902,0.523,0.22,-4.539,0.117,140.024,0.496,6
Jona,Shockwave,12,5lrk4m2CQnHKqbgCLw2w8g,Shockwave,spotify:track:5lrk4m2CQnHKqbgCLw2w8g,181283,0.0231,0.577,0.875,4.69e-06,0.111,-2.897,0.0681,164.009,0.411,32
Jona,Shockwave,1,2JKKXcbbGoMLs4vgOA7xK9,Fairytale,spotify:track:2JKKXcbbGoMLs4vgOA7xK9,155586,0.000253,0.56,0.919,0.957,0.346,-4.344,0.0325,144.964,0.568,26
Jona,Shockwave,2,0e7J2oSftYQZPJ7JnX7k8e,Supernovacane,spotify:track:0e7J2oSftYQZPJ7JnX7k8e,179955,0.000845,0.514,0.926,0.0345,0.0891,-3.188,0.0317,151.921,0.556,19
Jona,Shockwave,3,3F47z47tgQqKeN0cutN5qG,Jiggle It,spotify:track:3F47z47tgQqKeN0cutN5qG,170820,0.00107,0.622,0.81,0.806,0.16,-4.355,0.0457,169.96,0.637,18
Jona,Shockwave,4,0OsIIjUneF8iZk5QULuEzk,Back It Up,spotify:track:0OsIIjUneF8iZk5QULuEzk,160016,0.00719,0.759,0.848,7.81e-05,0.393,-3.726,0.0483,134.961,0.473,15
Jona,Shockwave,5,0AJcamXeUmz7Td2Tfxc7E6,VIBR8,spotify:track:0AJcamXeUmz7Td2Tfxc7E6,179903,0.00714,0.654,0.907,0.339,0.0927,-3.551,0.0703,171.911,0.233,40
Jona,Shockwave,6,3u11gPCjTAm6q6ETlowvRu,Bad Bitches (feat. Megan Thee Stallion),spotify:track:3u11gPCjTAm6q6ETlowvRu,152414,0.000306,0.803,0.816,0.61,0.0644,-3.473,0.0372,125.98,0.464,26
Jona,Shockwave,7,6PsWlc2V5mtu7ln3lkVJJM,Back In Time,spotify:track:6PsWlc2V5mtu7ln3lkVJJM,160877,0.0108,0.783,0.824,0.000795,0.0748,-4.558,0.0598,139.998,0.413,17
Jona,Shockwave,8,4trrKVzHcXRV5Gv8YAf32P,Hitta (feat. Juicy J),spotify:track:4trrKVzHcXRV5Gv8YAf32P,170807,0.00794,0.746,0.938,1.6e-05,0.354,-2.822,0.0658,145.012,0.238,50
Jona,Shockwave,9,5jjoY9fwFBcRtQFkkDvWnL,House Party,spotify:track:5jjoY9fwFBcRtQFkkDvWnL,205126,0.0331,0.726,0.876,0.00569,0.0658,-4.204,0.16,75.026,0.569,14
Jona,Shockwave,10,1YFhbm7OFmGzdJZEpAGCIV,Candy Kid,spotify:track:1YFhbm7OFmGzdJZEpAGCIV,129701,3.78e-05,0.61,0.979,0.584,0.114,-3.459,0.0627,150.053,0.423,14
Jona,Shockwave,11,5sBN6hOuP9hy0a8AHcWwzl,Pushin Stacks,spotify:track:5sBN6hOuP9hy0a8AHcWwzl,214517,0.000655,0.622,0.902,0.523,0.22,-4.539,0.117,140.024,0.496,12
Jona,Shockwave,12,7N1SXG46BWkPX7EmE8EmIi,Shockwave,spotify:track:7N1SXG46BWkPX7EmE8EmIi,181283,0.0231,0.577,0.875,4.69e-06,0.111,-2.897,0.0681,164.009,0.411,30
Jona,Shockwave,1,0LWhroGAC08Y2fnyps24Pk,Fairytale,spotify:track:0LWhroGAC08Y2fnyps24Pk,155586,0.000253,0.56,0.919,0.957,0.346,-4.344,0.0325,144.964,0.568,0
Jona,Shockwave,2,7kT9dqiUQhhjdiAU62pPMb,Supernovacane,spotify:track:7kT9dqiUQhhjdiAU62pPMb,179955,0.000845,0.514,0.926,0.0345,0.0891,-3.188,0.0317,151.921,0.556,0
Jona,Shockwave,3,38wWnLpt2ax4dcqv1zFXRs,Jiggle It,spotify:track:38wWnLpt2ax4dcqv1zFXRs,170820,0.00107,0.622,0.81,0.806,0.16,-4.355,0.0457,169.96,0.637,0
Jona,Shockwave,4,57O2FfxELDyu3HCbnt2xBP,Back It Up,spotify:track:57O2FfxELDyu3HCbnt2xBP,160016,0.00719,0.759,0.848,7.81e-05,0.393,-3.726,0.0483,134.961,0.473,0
Jona,Shockwave,5,2xPYYroORlmvMFqcyzY7Ea,Vibr8,spotify:track:2xPYYroORlmvMFqcyzY7Ea,179903,0.00714,0.654,0.907,0.339,0.0927,-3.551,0.0703,171.911,0.233,0
Jona,Shockwave,6,2A2KuKH2z1rffCwTM1XSxy,Bad Bitches,spotify:track:2A2KuKH2z1rffCwTM1XSxy,152414,0.000306,0.803,0.816,0.61,0.0644,-3.473,0.0372,125.98,0.464,0
Jona,Shockwave,7,6ed1lBLIhu3qh0g4AVfYkU,Back in Time,spotify:track:6ed1lBLIhu3qh0g4AVfYkU,160877,0.0108,0.783,0.824,0.000795,0.0748,-4.558,0.0598,139.998,0.413,0
Jona,Shockwave,8,65K8VVI6U0r1T5fCpooglH,Hitta,spotify:track:65K8VVI6U0r1T5fCpooglH,170807,0.00794,0.746,0.938,1.6e-05,0.354,-2.822,0.0658,145.012,0.238,0
Jona,Shockwave,9,70clgv75NzZgtwZq8aQfqE,House Party,spotify:track:70clgv75NzZgtwZq8aQfqE,205126,0.0331,0.726,0.876,0.00569,0.0658,-4.204,0.16,75.026,0.569,0
Jona,Shockwave,10,317bBdWY29WwFufRH6QPMN,Candy Kid,spotify:track:317bBdWY29WwFufRH6QPMN,129701,3.78e-05,0.61,0.979,0.584,0.114,-3.459,0.0627,150.053,0.423,0
Jona,Shockwave,11,6yiQkOnDIyX6cBLqoSJ79a,Pushin Stacks,spotify:track:6yiQkOnDIyX6cBLqoSJ79a,214517,0.000655,0.622,0.902,0.523,0.22,-4.539,0.117,140.024,0.496,0
Jona,Shockwave,12,7qsfApvFpjkxxUBIBuMzBv,Shockwave,spotify:track:7qsfApvFpjkxxUBIBuMzBv,181283,0.0231,0.577,0.875,4.69e-06,0.111,-2.897,0.0681,164.009,0.411,0
Jona,Shockwave (Clean),1,1C433JH211rPoSDxm2pE5y,Fairytale,spotify:track:1C433JH211rPoSDxm2pE5y,155586,0.000253,0.56,0.919,0.957,0.346,-4.344,0.0325,144.964,0.568,1
Jona,Shockwave (Clean),2,5SPLx7oJ4H7JKgJ0cYoHoH,Supernovacane,spotify:track:5SPLx7oJ4H7JKgJ0cYoHoH,179955,0.000845,0.514,0.926,0.0345,0.0891,-3.188,0.0317,151.921,0.556,1
Jona,Shockwave (Clean),3,6ztOhEstx6jBiFtEYnwsgp,Jiggle It,spotify:track:6ztOhEstx6jBiFtEYnwsgp,170820,0.00107,0.622,0.81,0.806,0.16,-4.355,0.0457,169.96,0.637,1
Jona,Shockwave (Clean),4,6IcZUgxt1UDRUVrmEmGFXk,Back It Up,spotify:track:6IcZUgxt1UDRUVrmEmGFXk,160016,0.00719,0.759,0.848,7.81e-05,0.393,-3.726,0.0483,134.961,0.473,1
Jona,Shockwave (Clean),5,7qhny1sYYvrtCH1Gu2uIIL,Vibr8,spotify:track:7qhny1sYYvrtCH1Gu2uIIL,179903,0.00714,0.654,0.907,0.339,0.0927,-3.551,0.0703,171.911,0.233,3
Jona,Shockwave (Clean),6,71YSynT1wel4M204qjoXFU,Bad Bitches (feat. Megan Thee Stallion),spotify:track:71YSynT1wel4M204qjoXFU,152414,0.000306,0.803,0.816,0.61,0.0644,-3.473,0.0372,125.98,0.464,0
Jona,Shockwave (Clean),7,3EUI59UhPp2UJ4lqz05gYy,Back In Time,spotify:track:3EUI59UhPp2UJ4lqz05gYy,160877,0.0108,0.783,0.824,0.000795,0.0748,-4.558,0.0598,139.998,0.413,1
Jona,Shockwave (Clean),8,7etrrxXEKhrFlunHPtMbqK,Hitta (feat. Juicy J),spotify:track:7etrrxXEKhrFlunHPtMbqK,170807,0.00794,0.746,0.938,1.6e-05,0.354,-2.822,0.0658,145.012,0.238,1
Jona,Shockwave (Clean),9,6X238vVjWhqKSKY9LNmz0g,House Party,spotify:track:6X238vVjWhqKSKY9LNmz0g,205126,0.0331,0.726,0.876,0.00569,0.0658,-4.204,0.16,75.026,0.569,1
Jona,Shockwave (Clean),10,1EDDlRIfrqnMU2nKO4khVM,Candy Kid,spotify:track:1EDDlRIfrqnMU2nKO4khVM,129701,3.78e-05,0.61,0.979,0.584,0.114,-3.459,0.0627,150.053,0.423,1
Jona,Shockwave (Clean),11,6CHuKkM6MznTfM6dP7ZaNd,Pushin Stacks,spotify:track:6CHuKkM6MznTfM6dP7ZaNd,214517,0.000655,0.622,0.902,0.523,0.22,-4.539,0.117,140.024,0.496,1
Jona,Shockwave (Clean),12,3n8iNlbe92dczwJixY8Drs,Shockwave,spotify:track:3n8iNlbe92dczwJixY8Drs,181283,0.0231,0.577,0.875,4.69e-06,0.111,-2.897,0.0681,164.009,0.411,35
Jona,Joytime III,1,7DyYqU6pn8blguCw3S377E,Down,spotify:track:7DyYqU6pn8blguCw3S377E,153000,0.0014,0.677,0.947,0.0688,0.0712,-3.814,0.0538,142.008,0.798,47
Jona,Joytime III,2,41MlSJxqdr60xsfYocAgRA,Run it Up,spotify:track:41MlSJxqdr60xsfYocAgRA,142500,0.0084,0.422,0.875,1.07e-06,0.396,-3.3,0.296,71.761,0.594,49
Jona,Joytime III,3,4srEnH4a9pgerTW1qSGluW,Put Yo Hands Up,spotify:track:4srEnH4a9pgerTW1qSGluW,196000,0.00149,0.583,0.932,0.633,0.0815,-2.485,0.0871,150.034,0.244,43
Jona,Joytime III,4,4PjUYYuloevuVVj3uq3tVk,Let's Get Down,spotify:track:4PjUYYuloevuVVj3uq3tVk,162500,0.0224,0.747,0.793,0.533,0.341,-2.998,0.111,145.012,0.669,40
Jona,Joytime III,5,1EwZrwFcKH1CKsxgHborBR,Sad Songs,spotify:track:1EwZrwFcKH1CKsxgHborBR,195028,0.0277,0.641,0.837,0.0,0.152,-2.947,0.182,150.047,0.82,47
Jona,Joytime III,6,58Xx6ZPFsi6bqkFFZe0GD0,Set Me Free,spotify:track:58Xx6ZPFsi6bqkFFZe0GD0,182857,0.000437,0.918,0.723,0.141,0.124,-4.099,0.0653,126.046,0.393,38
Jona,Joytime III,7,4pCaBJPDbw1HFzwsQZlIgb,Room to Fall,spotify:track:4pCaBJPDbw1HFzwsQZlIgb,180997,0.0037,0.531,0.845,1.58e-05,0.275,-5.362,0.164,175.898,0.537,46
Jona,Joytime III,8,3tld41qK6W6xBMea9WIhLC,Angklung Life,spotify:track:3tld41qK6W6xBMea9WIhLC,189000,0.0274,0.729,0.982,0.106,0.278,-3.028,0.0634,126.024,0.404,36
Jona,Joytime III,9,2W9QUD9YJ4SERyzu25IwbU,Earthquake,spotify:track:2W9QUD9YJ4SERyzu25IwbU,148000,0.0162,0.453,0.968,5.94e-05,0.153,-4.734,0.104,75.102,0.432,42
Jona,Joytime III,10,6VEUzJzGo16QRnFvUpv4pQ,Falling To Pieces,spotify:track:6VEUzJzGo16QRnFvUpv4pQ,166000,5.12e-05,0.607,0.875,0.00318,0.445,-2.686,0.0476,146.188,0.131,44
Jona,Joytime III,11,5JfWqjclLkOUanKF8NHpOK,Here We Go Again,spotify:track:5JfWqjclLkOUanKF8NHpOK,186000,0.0832,0.738,0.867,0.828,0.263,-3.033,0.127,147.016,0.443,40
Jona,Joytime III,12,35rozLoS6QLE8HX8qswM3k,Rescue Me,spotify:track:35rozLoS6QLE8HX8qswM3k,237203,0.00803,0.433,0.905,0.0,0.337,-2.171,0.101,148.149,0.375,61
Jona,Joytime III,13,4YXKVaWzHaVyDq2pVS5cgR,Proud,spotify:track:4YXKVaWzHaVyDq2pVS5cgR,191000,0.0372,0.521,0.716,0.0,0.148,-4.999,0.0364,77.562,0.12,55
Jona,Joytime II,1,6GRMKQ3RrivYgLEO6h7ebu,Stars,spotify:track:6GRMKQ3RrivYgLEO6h7ebu,246760,0.0132,0.507,0.96,0.971,0.0703,-2.619,0.0394,142.029,0.801,55
Jona,Joytime II,2,6kwH41LJ6hfxlGn2c4oh6Y,Together,spotify:track:6kwH41LJ6hfxlGn2c4oh6Y,246760,0.00114,0.567,0.703,0.921,0.101,-2.08,0.0311,142.019,0.309,49
Jona,Joytime II,3,6pbhkfdG5RvTJaC3VKPaJn,Rooftops,spotify:track:6pbhkfdG5RvTJaC3VKPaJn,177464,0.0292,0.704,0.907,0.0,0.195,-3.95,0.0672,141.988,0.657,51
Jona,Joytime II,4,1LwVrOwwPJPU5lVuQDPnGA,Check This Out,spotify:track:1LwVrOwwPJPU5lVuQDPnGA,219718,0.000874,0.624,0.97,0.548,0.545,-0.975,0.0788,142.019,0.869,45
Jona,Joytime II,5,0gsDBm94QELEJAcGS59f1b,Flashbacks,spotify:track:0gsDBm94QELEJAcGS59f1b,165633,0.0052,0.58,0.901,0.698,0.111,-0.958,0.0326,142.031,0.427,42
Jona,Joytime II,6,1FPJZZjcwG2IGF0UVLrmKL,Tell Me,spotify:track:1FPJZZjcwG2IGF0UVLrmKL,158400,0.00651,0.558,0.919,0.789,0.196,-1.948,0.0426,150.049,0.839,42
Jona,Joytime II,7,7fEfIU4ZVvB5Wb6xg2zcvx,Paralyzed,spotify:track:7fEfIU4ZVvB5Wb6xg2zcvx,219718,0.00696,0.5,0.956,0.00138,0.533,-1.363,0.0468,141.975,0.123,43
Jona,Joytime II,8,621yo2vtUSnmTfmENTKoNm,Power,spotify:track:621yo2vtUSnmTfmENTKoNm,222000,0.00292,0.58,0.895,0.731,0.079,-3.702,0.0367,140.023,0.97,43
Jona,Joytime II,9,5UthTi0MlB4K0TznWFynNn,Imagine,spotify:track:5UthTi0MlB4K0TznWFynNn,231272,0.00169,0.7,0.933,0.0517,0.424,-1.366,0.0316,110.047,0.234,41
Jona,Joytime,1,1aS1uzcAC14lduwuNJZjqE,Know Me,spotify:track:1aS1uzcAC14lduwuNJZjqE,206197,0.00635,0.664,0.844,0.00285,0.542,-5.012,0.0405,142.056,0.557,46
Jona,Joytime,2,1Hk0QRlUFCHYG6zIvUh0Xd,Summer,spotify:track:1Hk0QRlUFCHYG6zIvUh0Xd,233239,0.00695,0.583,0.748,0.0241,0.22,-4.798,0.0292,142.029,0.254,58
Jona,Joytime,3,6aWiGv6hPG0o3ri7QHNs8t,Find Me,spotify:track:6aWiGv6hPG0o3ri7QHNs8t,180000,0.00012,0.557,0.889,0.000225,0.325,-4.045,0.0499,142.015,0.173,49
Jona,Joytime,4,2D6VbgcGFSBhhZJHbVAN1Q,Take It Back,spotify:track:2D6VbgcGFSBhhZJHbVAN1Q,233239,0.0172,0.591,0.909,0.694,0.743,-4.376,0.0542,142.065,0.192,45
Jona,Joytime,5,05KizhJc5qATFI2D7SauJ5,Bounce,spotify:track:05KizhJc5qATFI2D7SauJ5,212571,0.0119,0.593,0.979,0.897,0.175,-4.151,0.0634,140.038,0.0992,41
Jona,Joytime,6,4wXum3jZgEGLxScTygQ5US,Blocks,spotify:track:4wXum3jZgEGLxScTygQ5US,209577,0.000163,0.555,0.844,0.00617,0.426,-2.096,0.0705,142.115,0.563,46
Jona,Joytime,7,1KDX8TC34n6CNryBEEMclR,Show You,spotify:track:1KDX8TC34n6CNryBEEMclR,177464,7.78e-05,0.507,0.969,0.935,0.173,-3.643,0.0395,142.006,0.242,42
Jona,Joytime,8,1V3BpCUSyBt9PDZ309652A,Want U 2,spotify:track:1V3BpCUSyBt9PDZ309652A,182535,0.01,0.708,0.936,0.951,0.194,-2.099,0.0432,141.989,0.73,43
Jona,Joytime,9,68pL3hokJXKJ1vJSaEhKr7,Home,spotify:track:68pL3hokJXKJ1vJSaEhKr7,228413,0.00551,0.562,0.885,0.805,0.0621,-3.096,0.0431,145.06,0.692,44
Jona,Joytime,10,0Q3SC6kEhxYagDP3bFe5K9,Keep It Mello (feat. Omar LinX),spotify:track:0Q3SC6kEhxYagDP3bFe5K9,243380,0.00134,0.686,0.888,0.000689,0.0736,-3.348,0.0857,142.015,0.108,60
Morissette,"Morissette at 14, Vol. 2",1,6f248KBfVTSUU8EJ6ibHrM,What Do You See in Me (2021 Piano Version),spotify:track:6f248KBfVTSUU8EJ6ibHrM,191523,0.793,0.502,0.426,0.0,0.107,-3.383,0.0284,84.002,0.268,28
Morissette,"Morissette at 14, Vol. 2",2,7Ca2H8G6YsjpUWJQUDxtCT,Can't Hold a Candle,spotify:track:7Ca2H8G6YsjpUWJQUDxtCT,207147,0.409,0.657,0.598,0.0,0.141,-3.578,0.0299,119.98,0.42,27
Morissette,"Morissette at 14, Vol. 2",3,2yW8L6GvFFdKGhBqGrUk2q,Don't Forget,spotify:track:2yW8L6GvFFdKGhBqGrUk2q,199487,0.142,0.572,0.87,0.0,0.0407,-3.713,0.0382,136.961,0.655,25
Morissette,"Morissette at 14, Vol. 2",4,12XJqY3vwmBeiNo0Zdfjw1,Ring Ring Ring,spotify:track:12XJqY3vwmBeiNo0Zdfjw1,189260,0.00035,0.594,0.728,4.95e-06,0.0635,-2.831,0.0394,129.98,0.84,25
Morissette,"Morissette at 14, Vol. 2",5,2v7q9mr7pWtIw3CK3fuAd9,All of the Above,spotify:track:2v7q9mr7pWtIw3CK3fuAd9,213844,0.0791,0.625,0.881,0.0,0.719,-2.111,0.0466,115.993,0.586,24
Morissette,"Morissette at 14, Vol. 2",6,6g2QCJa5KygsN0grpTzJAz,Handle It,spotify:track:6g2QCJa5KygsN0grpTzJAz,197153,0.167,0.67,0.63,0.0,0.653,-3.112,0.173,108.731,0.909,19
Morissette,"Morissette at 14, Vol. 2",7,3J4ZEKhuUxTWjUCcjVk64L,Leave Em at the Door,spotify:track:3J4ZEKhuUxTWjUCcjVk64L,166427,0.104,0.686,0.862,0.0,0.823,-2.728,0.152,99.98,0.57,23
Morissette,"Morissette at 14, Vol. 2",8,2orItodWIgoDLcTbPxqjmL,Swat da Bug,spotify:track:2orItodWIgoDLcTbPxqjmL,188881,0.0272,0.688,0.858,0.0,0.548,-2.095,0.128,100.154,0.925,20
Morissette,"Morissette at 14, Vol. 1",1,3GLe8gHjxFUb4utOaaG69H,Look What You've Done,spotify:track:3GLe8gHjxFUb4utOaaG69H,255127,0.683,0.452,0.549,0.0,0.332,-4.703,0.0274,168.002,0.367,25
Morissette,"Morissette at 14, Vol. 1",2,4zLJPCxD78xOgMQ3z4ofoY,Don't Let Go,spotify:track:4zLJPCxD78xOgMQ3z4ofoY,235288,0.274,0.533,0.594,0.0,0.136,-4.83,0.0277,109.966,0.151,26
Morissette,"Morissette at 14, Vol. 1",3,70wKpydEExbnT1QJl8onxt,You Wouldn't Believe Me,spotify:track:70wKpydEExbnT1QJl8onxt,232469,0.551,0.442,0.545,0.0,0.198,-3.681,0.028,129.457,0.141,24
Morissette,"Morissette at 14, Vol. 1",4,634pM5YJnpbYluFGSfL6kj,Talk to Me Sweetly,spotify:track:634pM5YJnpbYluFGSfL6kj,207158,0.677,0.537,0.658,0.0,0.217,-3.746,0.0332,126.15,0.157,23
Morissette,"Morissette at 14, Vol. 1",5,1U9uGxxeanjJHEwEhwr1be,What Do You See in Me,spotify:track:1U9uGxxeanjJHEwEhwr1be,213000,0.491,0.336,0.508,0.0,0.102,-4.577,0.0287,167.108,0.24,17
Morissette,"Morissette at 14, Vol. 1",6,5F9ISpdcNyZjDrzCCYvuxS,Up to You,spotify:track:5F9ISpdcNyZjDrzCCYvuxS,212139,0.274,0.475,0.589,0.0,0.107,-4.212,0.0275,149.735,0.224,23
Morissette,"Morissette at 14, Vol. 1",7,75mlcREQfQuJfXkJGbA3WG,Only Want to Love You,spotify:track:75mlcREQfQuJfXkJGbA3WG,213158,0.302,0.433,0.608,0.0,0.165,-4.62,0.0283,78.009,0.203,24
Morissette,"Morissette at 14, Vol. 1",8,0tAJv04DVpYYswxcGweH1g,Ring Ring Ring (2020 MIX),spotify:track:0tAJv04DVpYYswxcGweH1g,181384,0.0131,0.38,0.594,3.84e-06,0.143,-4.134,0.0428,130.118,0.283,16
Morissette,Morissette,1,22ZjYxCtQBd6bOahpN0CBv,Throwback,spotify:track:22ZjYxCtQBd6bOahpN0CBv,256447,0.494,0.727,0.835,0.0,0.354,-5.358,0.0611,145.996,0.962,32
Morissette,Morissette,2,4ZsaVVO1gaTR3BrqdtHb1C,Di Mapaliwanag,spotify:track:4ZsaVVO1gaTR3BrqdtHb1C,194902,0.336,0.658,0.483,0.000393,0.119,-7.673,0.0267,93.973,0.242,44
Morissette,Morissette,3,6GWGvXLYAWmPoGLNrQufiC,Hinahanap Pa Rin,spotify:track:6GWGvXLYAWmPoGLNrQufiC,242184,0.678,0.325,0.358,9.61e-06,0.0759,-8.094,0.0377,132.361,0.121,33
Morissette,Morissette,4,3iOmvu7fbgUNcbmWs6YlbU,"Mahal Kita, Mahal Mo Sya, Mahal Nya Ay Iba",spotify:track:3iOmvu7fbgUNcbmWs6YlbU,274994,0.692,0.512,0.414,2.33e-05,0.372,-8.726,0.0316,139.918,0.168,31
Morissette,Morissette,5,68njfa6k19aGCPvCLzKOMk,You and I,spotify:track:68njfa6k19aGCPvCLzKOMk,239441,0.154,0.466,0.373,0.000886,0.237,-8.847,0.0301,71.998,0.19,38
Morissette,Morissette,6,2Cd9UYSrX0iE3DBm4VPAAa,Akin Ka Na Lang - Acoustic,spotify:track:2Cd9UYSrX0iE3DBm4VPAAa,260261,0.853,0.577,0.218,0.0,0.11,-13.293,0.0403,129.407,0.21,40
Morissette,Morissette,7,3AWaHa4tXgLVTk1Li818j2,Anong Nangyari Sa Ating Dalawa - Minus One,spotify:track:3AWaHa4tXgLVTk1Li818j2,287245,0.952,0.238,0.118,0.466,0.181,-15.37,0.0352,142.478,0.0785,28
Morissette,Morissette,8,5i74AYZqulf7csDNVnXzYN,"Anong Nangyari Sa Ating Dalawa - From ""Two Wives Main""",spotify:track:5i74AYZqulf7csDNVnXzYN,289230,0.961,0.314,0.185,0.00039,0.156,-10.128,0.0359,145.868,0.175,38
Morissette,Morissette,9,4eNvchiaWf4Glh0AT2exds,Akin Ka Na Lang - Himig Handog Pop Lovesongs 2014 Version,spotify:track:4eNvchiaWf4Glh0AT2exds,258876,0.153,0.508,0.537,8.6e-06,0.15,-6.689,0.0275,129.9,0.16,58
Morissette,Morissette,10,5qKclh4S0LJSmbl4pwqsfO,"Kapag Ako Ay Nagmahal - From ""Flordeliza""",spotify:track:5qKclh4S0LJSmbl4pwqsfO,313812,0.589,0.264,0.353,0.101,0.139,-7.133,0.029,145.411,0.0978,40
Morissette,Morissette,11,1qoXYfWILyuN0EatImGlma,"Nothing's Gonna Stop Us Now - From ""Crazy Beautiful You""",spotify:track:1qoXYfWILyuN0EatImGlma,258014,0.216,0.528,0.603,0.0,0.304,-5.883,0.0296,185.998,0.482,60
Morissette,Morissette,12,6UH6huHCGfm154NQ7MVIxE,Di Mapaliwanag - Minus One,spotify:track:6UH6huHCGfm154NQ7MVIxE,193805,0.188,0.494,0.429,0.932,0.12,-10.884,0.0291,188.031,0.351,26
Morissette,Morissette,13,66wsdi9LWCX6F2zhnwsm0h,Akin Ka Na Lang - Minus One,spotify:track:66wsdi9LWCX6F2zhnwsm0h,258876,0.00678,0.537,0.439,0.139,0.152,-11.567,0.0278,130.014,0.0939,26
Morissette,Morissette,14,2RVnhI8fmBDlEdwiOP6YBM,Hinahanap Pa Rin - Minus One,spotify:track:2RVnhI8fmBDlEdwiOP6YBM,242184,0.522,0.452,0.258,0.72,0.0741,-13.496,0.0282,134.01,0.0801,25
Morissette,Morissette,15,1NBWY3IjpqNGX6YX89pumV,You and I - Minus One,spotify:track:1NBWY3IjpqNGX6YX89pumV,239441,0.0836,0.512,0.326,0.629,0.25,-12.522,0.0285,144.035,0.0657,24
Morissette,Morissette,16,0196yM0Cf8ss46XH2ap7WA,Kapag Ako Ay Nagmahal - Minus One,spotify:track:0196yM0Cf8ss46XH2ap7WA,313812,0.136,0.215,0.242,0.772,0.156,-11.694,0.0303,145.302,0.139,25
Sarah Geronimo,Tala: The Film Concert (Live),1,65QGVjM3h9MRJkQGcjFEft,Sa Iyo - Live,spotify:track:65QGVjM3h9MRJkQGcjFEft,211077,0.26,0.667,0.639,0.0,0.456,-9.207,0.0272,113.996,0.686,35
Sarah Geronimo,Tala: The Film Concert (Live),2,6E07IvOwQnXia3NQ4yVS2i,Kilometro - Live,spotify:track:6E07IvOwQnXia3NQ4yVS2i,279195,0.0733,0.662,0.811,0.00363,0.136,-4.098,0.116,85.027,0.499,36
Sarah Geronimo,Tala: The Film Concert (Live),3,6u3KSwSZVQ9yxfSAd0NVde,Dulo - Live,spotify:track:6u3KSwSZVQ9yxfSAd0NVde,215481,0.453,0.373,0.395,0.0,0.343,-10.841,0.0488,175.843,0.246,35
Sarah Geronimo,Tala: The Film Concert (Live),4,1nl2eMDBKW7vET7zqPZbyd,Duyan - Live,spotify:track:1nl2eMDBKW7vET7zqPZbyd,238638,0.715,0.437,0.307,0.0,0.118,-11.303,0.0806,168.111,0.394,35
Sarah Geronimo,Tala: The Film Concert (Live),5,29Qd0RsXWHiKhzZQvHRjny,Misteryo - Live,spotify:track:29Qd0RsXWHiKhzZQvHRjny,248348,0.88,0.503,0.298,1.42e-06,0.134,-7.528,0.0311,143.858,0.297,33
Sarah Geronimo,Tala: The Film Concert (Live),6,7c12UlvtmiZXrgFBuDaqRm,Your Universe - Live,spotify:track:7c12UlvtmiZXrgFBuDaqRm,238571,0.403,0.614,0.426,0.00383,0.0871,-12.334,0.0531,170.055,0.386,32
Sarah Geronimo,Tala: The Film Concert (Live),7,1MKAZBhj5oytI1WTuZgjdV,Ganito - Live,spotify:track:1MKAZBhj5oytI1WTuZgjdV,277043,0.653,0.278,0.293,0.0,0.0901,-11.485,0.0336,79.749,0.209,32
Sarah Geronimo,Tala: The Film Concert (Live),8,6J42aUuhBp5E0kPCTd741r,The Great Unknown - Live,spotify:track:6J42aUuhBp5E0kPCTd741r,342608,0.704,0.461,0.204,0.0,0.105,-9.68,0.0305,121.672,0.0788,31
Sarah Geronimo,Tala: The Film Concert (Live),9,7APyUSB2s2VB5fKWZfdaw0,Tagu-Taguan - Live,spotify:track:7APyUSB2s2VB5fKWZfdaw0,261527,0.71,0.639,0.427,3.73e-06,0.113,-11.07,0.109,89.961,0.247,31
Sarah Geronimo,Tala: The Film Concert (Live),10,2qCQcHpQJewQ0a4IBh3ahn,Ikot-Ikot - Live,spotify:track:2qCQcHpQJewQ0a4IBh3ahn,235435,0.288,0.601,0.518,5.73e-06,0.0966,-7.619,0.0352,143.858,0.293,32
Sarah Geronimo,Tala: The Film Concert (Live),11,631OwAU1k8S2gI2y981dgR,Isa Pang Araw - Live,spotify:track:631OwAU1k8S2gI2y981dgR,219786,0.687,0.553,0.494,0.0,0.193,-9.772,0.0567,142.073,0.338,33
Sarah Geronimo,Tala: The Film Concert (Live),12,21ZvvZXuNrgnfMt1DC5EpI,Tala - Live,spotify:track:21ZvvZXuNrgnfMt1DC5EpI,383923,0.00163,0.466,0.814,0.0143,0.111,-3.481,0.116,100.034,0.176,33
Sarah Geronimo,This 15 Me,1,1zgfhyupoZ3GOm1oJpxHJR,Ganito,spotify:track:1zgfhyupoZ3GOm1oJpxHJR,276306,0.314,0.311,0.398,0.0,0.0975,-7.88,0.0292,78.819,0.192,36
Sarah Geronimo,This 15 Me,2,3N8M0xKax2lVg2HwwvJjlh,Sandata,spotify:track:3N8M0xKax2lVg2HwwvJjlh,217680,0.261,0.47,0.824,0.739,0.158,-6.416,0.0297,167.968,0.417,32
Sarah Geronimo,This 15 Me,3,2aPfwzShx2XzmGV66ttrbI,Baka Sakali,spotify:track:2aPfwzShx2XzmGV66ttrbI,227733,0.425,0.381,0.72,2.32e-05,0.287,-4.843,0.0896,89.991,0.646,31
Sarah Geronimo,This 15 Me,4,3HKx3dAObIoMYXQI0hR7tg,Interlude,spotify:track:3HKx3dAObIoMYXQI0hR7tg,63120,0.96,0.311,0.186,4.4e-06,0.119,-14.248,0.0347,66.268,0.109,19
Sarah Geronimo,This 15 Me,5,7B19FlQDwl1wYLuNvkrUMc,My Love,spotify:track:7B19FlQDwl1wYLuNvkrUMc,252280,0.682,0.411,0.486,0.0,0.25,-8.501,0.0445,76.889,0.326,19
Sarah Geronimo,This 15 Me,6,0zX80L0hWALs7VJLQpCVG2,Tagu-Taguan,spotify:track:0zX80L0hWALs7VJLQpCVG2,248493,0.642,0.736,0.504,0.00438,0.111,-7.172,0.0474,89.991,0.257,20
Sarah Geronimo,This 15 Me,7,6kTlx2d7t95smEfPGwalKq,Hingang Malalim,spotify:track:6kTlx2d7t95smEfPGwalKq,303133,0.961,0.31,0.381,0.00239,0.133,-8.565,0.0318,89.761,0.275,19
Sarah Geronimo,This 15 Me,8,6jcaMepbIb6feaW1huiScm,Duyan,spotify:track:6jcaMepbIb6feaW1huiScm,262386,0.512,0.537,0.575,0.0,0.204,-4.184,0.0462,172.054,0.672,56
Sarah Geronimo,This 15 Me,9,4ZUTzH263HJffxVYjPjx97,Feels Good,spotify:track:4ZUTzH263HJffxVYjPjx97,192280,0.839,0.457,0.388,0.0,0.0953,-9.466,0.0355,119.245,0.259,22
Sarah Geronimo,This 15 Me,10,31Vlv55ltPEqYfhgyXovBj,Dahilan,spotify:track:31Vlv55ltPEqYfhgyXovBj,237960,0.645,0.423,0.644,0.000139,0.0977,-8.229,0.193,78.472,0.469,21
Sarah Geronimo,This 15 Me,11,2DoTvPZJyFcCk9WGzcD8Ny,This Gotta Be Love,spotify:track:2DoTvPZJyFcCk9WGzcD8Ny,189960,0.016,0.477,0.697,0.0,0.105,-6.833,0.0459,77.948,0.602,19
Sarah Geronimo,The Great Unknown,1,0HHZ34mJZJkrFf4zQn6Y83,Unbroken,spotify:track:0HHZ34mJZJkrFf4zQn6Y83,207466,0.757,0.461,0.501,0.0,0.0831,-8.282,0.0321,139.649,0.379,20
Sarah Geronimo,The Great Unknown,2,6qM7THRRgLhsZoQaj8xbNw,The Great Unknown,spotify:track:6qM7THRRgLhsZoQaj8xbNw,341205,0.346,0.457,0.425,0.0,0.151,-7.23,0.0306,121.583,0.253,39
Sarah Geronimo,The Great Unknown,3,3o8f0lFNV3uCZMpnJkXHYP,Baby You're the Reason,spotify:track:3o8f0lFNV3uCZMpnJkXHYP,212120,0.631,0.572,0.693,0.0,0.109,-8.158,0.0349,86.012,0.597,31
Sarah Geronimo,The Great Unknown,4,4XUCwGSa4knA4ZMonOg3AL,Ako'y Para Lamang Sa 'Yo,spotify:track:4XUCwGSa4knA4ZMonOg3AL,286812,0.639,0.541,0.496,0.0,0.0974,-5.732,0.0269,135.75,0.328,23
Sarah Geronimo,The Great Unknown,5,36xkCJcR6yl7jquby6Dw1I,Kaibigan Mo,spotify:track:36xkCJcR6yl7jquby6Dw1I,250133,0.645,0.53,0.532,0.0,0.118,-8.434,0.0343,139.902,0.476,41
Sarah Geronimo,The Great Unknown,6,5xb3WPZcjCJOJZq83JjQmX,Kapit,spotify:track:5xb3WPZcjCJOJZq83JjQmX,241066,0.893,0.458,0.213,0.0,0.103,-8.701,0.0325,165.53,0.418,19
Sarah Geronimo,The Great Unknown,7,06k4CvNp2uXuB4IyxRJtIh,Only for You,spotify:track:06k4CvNp2uXuB4IyxRJtIh,249733,0.949,0.423,0.141,0.0,0.0941,-9.516,0.0399,81.531,0.488,18
Sarah Geronimo,The Great Unknown,8,5CuQiBaUI6r95YO7J0dtBe,Sabi Mo Sa Akin,spotify:track:5CuQiBaUI6r95YO7J0dtBe,242933,0.134,0.631,0.64,0.0,0.119,-8.668,0.0292,125.996,0.415,18
Sarah Geronimo,The Great Unknown,9,6C6F2oA7cmZKqq26FPGl0J,Tala,spotify:track:6C6F2oA7cmZKqq26FPGl0J,245053,0.623,0.598,0.794,0.000182,0.0971,-1.602,0.0496,98.003,0.496,54
Sarah Geronimo,The Great Unknown,10,2P1KvZcGKtByg7B7jSunAN,Misteryo,spotify:track:2P1KvZcGKtByg7B7jSunAN,237840,0.152,0.579,0.558,1.32e-05,0.119,-5.345,0.0424,149.956,0.297,33
Sarah Geronimo,Perfectly Imperfect,1,2kD59t0TZD3RCAfAKvmaIP,Perfectly Imperfect,spotify:track:2kD59t0TZD3RCAfAKvmaIP,215186,0.0411,0.816,0.809,0.0188,0.0473,-5.414,0.0382,106.002,0.965,23
Sarah Geronimo,Perfectly Imperfect,2,43SdY9HwfEc86vpWHP4Xor,Kilometro,spotify:track:43SdY9HwfEc86vpWHP4Xor,191213,0.276,0.54,0.827,1.35e-05,0.219,-4.958,0.123,84.889,0.739,51
Sarah Geronimo,Perfectly Imperfect,3,486w5pleOQvkLbx3mzowim,Minamahal,spotify:track:486w5pleOQvkLbx3mzowim,232706,0.468,0.605,0.638,0.000312,0.308,-4.3,0.0331,127.012,0.225,33
Sarah Geronimo,Perfectly Imperfect,4,44Y5vPZOUoYRmhw9RsphSC,Until Forever,spotify:track:44Y5vPZOUoYRmhw9RsphSC,223560,0.855,0.524,0.323,1.39e-05,0.0855,-9.211,0.0338,119.739,0.274,20
Sarah Geronimo,Perfectly Imperfect,5,4nwGM6TL4Q0NRjwXgkq9lN,This Fight,spotify:track:4nwGM6TL4Q0NRjwXgkq9lN,270626,0.826,0.429,0.324,0.0,0.105,-9.752,0.0287,143.574,0.241,17
Sarah Geronimo,Perfectly Imperfect,6,7dL0WXUartT9JgXBbSEDzZ,Bulletproof,spotify:track:7dL0WXUartT9JgXBbSEDzZ,221813,0.429,0.572,0.386,0.0,0.0733,-6.954,0.0409,152.148,0.275,16
Sarah Geronimo,Perfectly Imperfect,7,2mJsB64VXRFfZPrQXjT7N5,Dulo,spotify:track:2mJsB64VXRFfZPrQXjT7N5,203546,0.337,0.574,0.753,0.00237,0.111,-6.268,0.0614,92.938,0.453,30
Sarah Geronimo,Perfectly Imperfect,8,1mhD9ZyNx8KXalyx7CUvL6,Bangon,spotify:track:1mhD9ZyNx8KXalyx7CUvL6,247720,0.42,0.585,0.848,1.14e-05,0.506,-4.562,0.0921,168.01,0.814,15
Sarah Geronimo,Perfectly Imperfect,9,27jGHZl2M2gpC16l9DWWlZ,Kung Sabagay,spotify:track:27jGHZl2M2gpC16l9DWWlZ,242293,0.955,0.383,0.248,8.27e-05,0.137,-10.063,0.0359,143.305,0.371,14
Sarah Geronimo,Perfectly Imperfect,10,0ZL1z8uTW1A16MXyYJtZx7,In Your Hands,spotify:track:0ZL1z8uTW1A16MXyYJtZx7,224280,0.73,0.485,0.452,0.0,0.129,-8.619,0.0343,135.512,0.197,13
Sarah Geronimo,Perfectly Imperfect,11,4UNyKq7qqJFA4BiKrHn88o,Last Night Of Our Lives,spotify:track:4UNyKq7qqJFA4BiKrHn88o,211666,0.176,0.753,0.673,0.0,0.113,-6.624,0.0651,126.01,0.798,13
Sarah Geronimo,Expressions,1,2ODIyjl0lq1YsSi62DDMOK,Again,spotify:track:2ODIyjl0lq1YsSi62DDMOK,261372,0.496,0.59,0.492,0.0,0.155,-5.512,0.0277,133.997,0.213,16
Sarah Geronimo,Expressions,2,7IBjI7zHDnbjrHZWJCLint,Pati Ang Pangarap KO,spotify:track:7IBjI7zHDnbjrHZWJCLint,267693,0.533,0.594,0.43,0.0,0.113,-6.909,0.0237,94.985,0.214,14
Sarah Geronimo,Expressions,3,1a3SgXcqUvkDMepgRaSJbf,Ikot-Ikot,spotify:track:1a3SgXcqUvkDMepgRaSJbf,232506,0.414,0.682,0.589,1.53e-05,0.137,-6.525,0.0346,143.95,0.369,44
Sarah Geronimo,Expressions,4,2ivCYlRpmlRbS71ZXzfJbz,Tayo,spotify:track:2ivCYlRpmlRbS71ZXzfJbz,213546,0.253,0.708,0.921,0.0,0.251,-6.01,0.0517,127.974,0.922,32
Sarah Geronimo,Expressions,5,0yFxqqag6ypS1E334NZxi3,Maaari Ba,spotify:track:0yFxqqag6ypS1E334NZxi3,213973,0.532,0.587,0.402,8.72e-06,0.1,-6.593,0.0295,119.86,0.256,21
Sarah Geronimo,Expressions,6,1fQ2k862Xl0MWopNVedlPz,Eyes on Fire,spotify:track:1fQ2k862Xl0MWopNVedlPz,250306,0.828,0.426,0.219,0.000783,0.0957,-10.409,0.0333,128.458,0.189,14
Sarah Geronimo,Expressions,7,2roLMAqnEA1DiCzXlYBPlY,Sweetest Mistake,spotify:track:2roLMAqnEA1DiCzXlYBPlY,316946,0.868,0.445,0.248,0.0,0.103,-10.213,0.0293,109.833,0.091,30
Sarah Geronimo,Expressions,8,3b8W8hlv3MFQ1l4sDqnL2N,Mama,spotify:track:3b8W8hlv3MFQ1l4sDqnL2N,233920,0.56,0.57,0.364,1.86e-06,0.0981,-6.472,0.133,181.936,0.455,12
Sarah Geronimo,Expressions,9,4JhsnxhNqmRiwaQxSDeRpT,You've Got a Friend,spotify:track:4JhsnxhNqmRiwaQxSDeRpT,293893,0.334,0.653,0.51,1.06e-06,0.0991,-11.067,0.0309,92.023,0.249,17
Sarah Geronimo,Expressions,10,1FWjtN8jJxDbLVnI7u9uRl,Make Me Yours,spotify:track:1FWjtN8jJxDbLVnI7u9uRl,238680,0.801,0.485,0.403,3.17e-06,0.165,-7.103,0.0293,139.662,0.334,19
Sarah Geronimo,Expressions,11,7A7Qu3sEDoDImEgmB7IqbP,It Takes a Man and a Woman,spotify:track:7A7Qu3sEDoDImEgmB7IqbP,229306,0.688,0.452,0.465,0.0,0.122,-8.314,0.0484,88.585,0.0662,48
Sarah Geronimo,OPM Back to Back Hits of Regine Velasquez & Sarah Geronimo,1,7faY82HXhtj1BD1Xlr9t27,Dadalhin,spotify:track:7faY82HXhtj1BD1Xlr9t27,298346,0.599,0.363,0.378,6.22e-06,0.137,-8.954,0.028,147.162,0.172,10
Sarah Geronimo,OPM Back to Back Hits of Regine Velasquez & Sarah Geronimo,2,1EZ00dONmNA3xWAj6RtTgC,Kailangan Ko'Y Ikaw,spotify:track:1EZ00dONmNA3xWAj6RtTgC,203773,0.738,0.405,0.204,0.000634,0.118,-10.805,0.0316,90.658,0.134,8
Sarah Geronimo,OPM Back to Back Hits of Regine Velasquez & Sarah Geronimo,3,3XJJLkVdKqFyTnDUEnqsc7,Kastilyong Buhangin,spotify:track:3XJJLkVdKqFyTnDUEnqsc7,237000,0.756,0.361,0.421,2.09e-06,0.0913,-8.638,0.0317,130.948,0.229,7
Sarah Geronimo,OPM Back to Back Hits of Regine Velasquez & Sarah Geronimo,4,3TXZxIw8NLTfiT0KcTY6f0,Kailan,spotify:track:3TXZxIw8NLTfiT0KcTY6f0,302613,0.91,0.16,0.294,0.025,0.26,-11.926,0.0332,77.61,0.0749,7
Sarah Geronimo,OPM Back to Back Hits of Regine Velasquez & Sarah Geronimo,5,3XhX4Gphk4ChqzF4K0u3Vj,Maghihintay Ako Sa 'Yo,spotify:track:3XhX4Gphk4ChqzF4K0u3Vj,234840,0.81,0.511,0.342,5.68e-05,0.144,-9.807,0.0271,77.925,0.0525,6
Sarah Geronimo,OPM Back to Back Hits of Regine Velasquez & Sarah Geronimo,6,6X3M63Bz4KK8t4sUO5VZNV,Never Ever Say Goodbye,spotify:track:6X3M63Bz4KK8t4sUO5VZNV,289706,0.962,0.278,0.217,0.0104,0.0849,-9.459,0.0399,86.211,0.105,6
Sarah Geronimo,OPM Back to Back Hits of Regine Velasquez & Sarah Geronimo,7,60UA3lJb1MNx99I0DwpMRT,Sino Nga Ba Siya,spotify:track:60UA3lJb1MNx99I0DwpMRT,226280,0.799,0.638,0.401,0.0,0.0802,-7.445,0.0321,119.981,0.253,10
Sarah Geronimo,OPM Back to Back Hits of Regine Velasquez & Sarah Geronimo,8,2pHG7D4VXctYZ5qnPniInV,Hanggang Sa Dulo Ng Walang Hanggan,spotify:track:2pHG7D4VXctYZ5qnPniInV,236533,0.886,0.164,0.285,0.000742,0.0637,-9.372,0.0342,78.761,0.11,6
Sarah Geronimo,OPM Back to Back Hits of Regine Velasquez & Sarah Geronimo,9,4KsZYz631saSPUuAdPFzKL,Sa Isip ko,spotify:track:4KsZYz631saSPUuAdPFzKL,228146,0.812,0.535,0.34,0.000507,0.261,-9.974,0.0278,147.881,0.353,7
Sarah Geronimo,OPM Back to Back Hits of Regine Velasquez & Sarah Geronimo,10,13N7zPtRdVzeXGA1QLcqIL,Ikaw Ang Aking Pangarap,spotify:track:13N7zPtRdVzeXGA1QLcqIL,280213,0.82,0.292,0.249,8.43e-06,0.161,-8.138,0.0348,145.337,0.16,6
Sarah Geronimo,OPM Back to Back Hits of Regine Velasquez & Sarah Geronimo,11,0o3J7PMvnB5bF6OYCQOWiC,Malayo Pa Ang Umaga,spotify:track:0o3J7PMvnB5bF6OYCQOWiC,228026,0.843,0.318,0.318,0.000199,0.37,-10.712,0.0317,128.184,0.09,6
Sarah Geronimo,OPM Back to Back Hits of Regine Velasquez & Sarah Geronimo,12,6CJJpixr71gDBvQhCwcROs,Ikaw,spotify:track:6CJJpixr71gDBvQhCwcROs,293906,0.0175,0.633,0.448,0.0,0.203,-10.439,0.0273,108.01,0.417,6
Sarah Geronimo,OPM Side By Side Hits of Sarah Geronimo & Mark Bautista,1,0ej7APrZRFO1s3dZ8nCRrB,Ako'Y Maghihintay,spotify:track:0ej7APrZRFO1s3dZ8nCRrB,237066,0.239,0.453,0.523,0.0,0.342,-7.275,0.0272,72.97,0.29,9
Sarah Geronimo,OPM Side By Side Hits of Sarah Geronimo & Mark Bautista,2,4j9w1EEsdbM7PQ6vZJlSrs,Sa Iyo,spotify:track:4j9w1EEsdbM7PQ6vZJlSrs,218293,0.0198,0.652,0.678,0.0,0.132,-7.452,0.0319,113.938,0.378,9
Sarah Geronimo,OPM Side By Side Hits of Sarah Geronimo & Mark Bautista,3,7eylTxWGx8okmnKzirgHDP,Be My Lady,spotify:track:7eylTxWGx8okmnKzirgHDP,217173,0.435,0.261,0.571,0.0,0.178,-7.141,0.0334,75.435,0.112,9
Sarah Geronimo,OPM Side By Side Hits of Sarah Geronimo & Mark Bautista,4,4pT1F1r4ziqa6gT3Grm5MB,Forever'S Not Enough,spotify:track:4pT1F1r4ziqa6gT3Grm5MB,267733,0.731,0.422,0.378,0.0,0.164,-7.328,0.0276,142.651,0.151,52
Sarah Geronimo,OPM Side By Side Hits of Sarah Geronimo & Mark Bautista,5,5FAw2CuMVXtcfCLQ8E63uL,How Did You Know,spotify:track:5FAw2CuMVXtcfCLQ8E63uL,238400,0.655,0.372,0.266,0.0,0.143,-10.097,0.0297,80.136,0.105,9
Sarah Geronimo,OPM Side By Side Hits of Sarah Geronimo & Mark Bautista,6,5qoQlZ5GUi3qRMedMYTqbY,Paano Kita Mapasasalamatan,spotify:track:5qoQlZ5GUi3qRMedMYTqbY,256333,0.927,0.303,0.227,9.77e-06,0.091,-8.36,0.0309,78.478,0.105,8
Sarah Geronimo,OPM Side By Side Hits of Sarah Geronimo & Mark Bautista,7,4qhguPwlGs7Ak0THQuEoUw,Kahit May Mahal Ka Nang Iba,spotify:track:4qhguPwlGs7Ak0THQuEoUw,291133,0.431,0.524,0.567,2e-05,0.0702,-7.055,0.0328,171.901,0.412,8
Sarah Geronimo,OPM Side By Side Hits of Sarah Geronimo & Mark Bautista,8,53DrE0T6gEHx3ZqTsWtPXs,Dahil Minahal Mo Ako,spotify:track:53DrE0T6gEHx3ZqTsWtPXs,253586,0.581,0.532,0.518,0.0,0.252,-7.524,0.0285,134.953,0.256,10
Sarah Geronimo,OPM Side By Side Hits of Sarah Geronimo & Mark Bautista,9,71wvLeY3BQ1tyElUzMSuCX,Naaalala Ka,spotify:track:71wvLeY3BQ1tyElUzMSuCX,227040,0.797,0.472,0.323,0.000313,0.207,-9.961,0.0314,125.716,0.212,8
Sarah Geronimo,OPM Side By Side Hits of Sarah Geronimo & Mark Bautista,10,65d2ex70dZGkXmMsM6NQPT,Ikaw Ang Aking Pangarap,spotify:track:65d2ex70dZGkXmMsM6NQPT,279213,0.834,0.337,0.261,1.05e-05,0.105,-7.62,0.0353,74.446,0.146,7
Sarah Geronimo,OPM Side By Side Hits of Sarah Geronimo & Mark Bautista,11,7AvaYybgKnpAgtFbroSbz1,Kasalanan ko Ba,spotify:track:7AvaYybgKnpAgtFbroSbz1,233333,0.586,0.519,0.475,4.76e-05,0.105,-8.74,0.0247,94.007,0.175,7
Sarah Geronimo,OPM Side By Side Hits of Sarah Geronimo & Mark Bautista,12,62CusrXDExh5MGTxjRtqur,Time to Let Go,spotify:track:62CusrXDExh5MGTxjRtqur,279866,0.616,0.411,0.391,0.0,0.0793,-7.29,0.0323,129.432,0.0617,7
Sarah Geronimo,Pure Opm Classics,1,2leAemOYBo4p5BacV4h6MG,Handog,spotify:track:2leAemOYBo4p5BacV4h6MG,258693,0.506,0.384,0.482,1.36e-06,0.132,-5.87,0.0292,179.756,0.152,25
Sarah Geronimo,Pure Opm Classics,2,3tV3Ls9tzbzPgPTfzmaGOJ,Umagang Kay Ganda,spotify:track:3tV3Ls9tzbzPgPTfzmaGOJ,213613,0.255,0.542,0.705,0.0,0.0891,-5.335,0.0397,92.881,0.246,26
Sarah Geronimo,Pure Opm Classics,3,7xQ6VvHcUV8ueA5j0DNd1b,Panalangin,spotify:track:7xQ6VvHcUV8ueA5j0DNd1b,225680,0.567,0.405,0.548,0.0,0.0572,-5.423,0.0282,109.83,0.239,28
Sarah Geronimo,Pure Opm Classics,4,2qLf2bfCWebwXPyv0ZyNOv,Doon Lang,spotify:track:2qLf2bfCWebwXPyv0ZyNOv,206360,0.458,0.495,0.59,0.0,0.102,-5.714,0.0365,77.18,0.348,19
Sarah Geronimo,Pure Opm Classics,5,66tKz812dv5XnILVC9OnMU,Ikaw Lang Ang Mamahalin,spotify:track:66tKz812dv5XnILVC9OnMU,239933,0.677,0.231,0.4,0.00355,0.21,-6.795,0.0311,163.489,0.104,23
Sarah Geronimo,Pure Opm Classics,6,1QQAYGJstu0H1LOXVUTkjg,Tao,spotify:track:1QQAYGJstu0H1LOXVUTkjg,259146,0.0337,0.564,0.505,1.43e-05,0.112,-8.983,0.0294,157.51,0.446,16
Sarah Geronimo,Pure Opm Classics,7,2nnoOOqBe8AmVvHsx7mzDz,Masdan Mo Ang Kapaligiran,spotify:track:2nnoOOqBe8AmVvHsx7mzDz,296053,0.637,0.474,0.489,0.0,0.101,-8.319,0.029,75.152,0.38,12
Sarah Geronimo,Pure Opm Classics,8,1GWHlC623LtWbp199pHfMg,Malayo Pa Ang Umaga,spotify:track:1GWHlC623LtWbp199pHfMg,230973,0.832,0.465,0.386,4.09e-05,0.148,-7.535,0.0289,128.162,0.0877,19
Sarah Geronimo,Pure Opm Classics,9,5woGb8hWR2nf3SfrNq3mIW,Sana,spotify:track:5woGb8hWR2nf3SfrNq3mIW,259092,0.383,0.573,0.582,0.0,0.091,-6.305,0.0251,128.091,0.293,13
Sarah Geronimo,Pure Opm Classics,10,0XH7GNdyPtlGtBzoklmxya,Hanggang Sa Dulo Ng Walang Hanggan,spotify:track:0XH7GNdyPtlGtBzoklmxya,237880,0.89,0.252,0.27,0.00153,0.0714,-10.128,0.0329,74.922,0.124,17
Sarah Geronimo,Pure Opm Classics,11,1MCEaSFBDIbOvWrNqwsSNP,Kay Ganda Ng Ating Musika,spotify:track:1MCEaSFBDIbOvWrNqwsSNP,222213,0.212,0.533,0.69,0.0,0.272,-6.162,0.029,141.023,0.189,12
Sarah Geronimo,Pure Opm Classics,12,4Mh7mqUogJUYEPK6prQ0mQ,Anak,spotify:track:4Mh7mqUogJUYEPK6prQ0mQ,332413,0.0133,0.286,0.682,4.79e-06,0.67,-5.697,0.0394,167.469,0.203,20
Sarah Geronimo,One Heart,1,64iuDecItfNfRzQEZDodm1,Sino Nga Ba Siya,spotify:track:64iuDecItfNfRzQEZDodm1,226773,0.794,0.633,0.4,0.0,0.0722,-7.177,0.03,120.02,0.29,39
Sarah Geronimo,One Heart,2,07O52aK7TQGyfMiUq3U8No,Kung Siya Ang Mahal,spotify:track:07O52aK7TQGyfMiUq3U8No,263120,0.771,0.636,0.502,3.04e-06,0.0887,-6.356,0.0304,118.003,0.255,24
Sarah Geronimo,One Heart,3,6cKX4LiEkLguPWtXpiK19f,Sa Isip ko,spotify:track:6cKX4LiEkLguPWtXpiK19f,227893,0.804,0.536,0.361,0.000341,0.174,-9.235,0.0284,147.8,0.337,25
Sarah Geronimo,One Heart,4,3kF1lXEW5Pp3vV0CmVrdPB,If You Could Read My Mind,spotify:track:3kF1lXEW5Pp3vV0CmVrdPB,264320,0.851,0.549,0.49,0.00136,0.196,-8.379,0.0296,131.93,0.228,12
Sarah Geronimo,One Heart,5,5fGcCAVVfN8bQhkO0gbpCZ,I Miss You,spotify:track:5fGcCAVVfN8bQhkO0gbpCZ,249093,0.556,0.453,0.469,0.000192,0.142,-7.668,0.0271,143.769,0.185,15
Sarah Geronimo,One Heart,6,4R22oNFaDZSSxegR2wzYmC,Nag-Iisang Ikaw,spotify:track:4R22oNFaDZSSxegR2wzYmC,253506,0.748,0.642,0.426,0.0,0.222,-7.96,0.026,117.941,0.324,15
Sarah Geronimo,One Heart,7,4BaCULWIrlZiPNCod2J81P,One Heart,spotify:track:4BaCULWIrlZiPNCod2J81P,235600,0.789,0.637,0.418,0.0,0.279,-7.462,0.0294,120.009,0.434,10
Sarah Geronimo,One Heart,8,1M2QKPKVqmfGENjTT7AJQB,Bata,spotify:track:1M2QKPKVqmfGENjTT7AJQB,239480,0.0471,0.513,0.542,0.0,0.0771,-9.474,0.0438,155.834,0.495,13
Sarah Geronimo,One Heart,9,6oBh1jv2vAVmOrVLUYtfX5,More Than You'D Believe,spotify:track:6oBh1jv2vAVmOrVLUYtfX5,266253,0.84,0.478,0.413,1.43e-06,0.0962,-6.772,0.0298,133.82,0.133,10
Sarah Geronimo,One Heart,10,0Xu1no7KQqiko6boBaX7GV,Bakit Pa Ba?,spotify:track:0Xu1no7KQqiko6boBaX7GV,284240,0.861,0.517,0.305,2.19e-06,0.167,-8.196,0.0316,118.035,0.18,24
Sarah Geronimo,One Heart,11,6SJOHp6Axmmo53paAMyHpZ,Fallin',spotify:track:6SJOHp6Axmmo53paAMyHpZ,241200,0.831,0.626,0.371,0.00124,0.0843,-11.911,0.0317,123.994,0.195,34
Sarah Geronimo,One Heart,12,1kzCpG6AOTCwM0kLjLuLaD,Handang Umibig Muli,spotify:track:1kzCpG6AOTCwM0kLjLuLaD,199760,0.228,0.788,0.491,0.000362,0.605,-9.36,0.0469,126.015,0.763,7
Sarah Geronimo,One Heart,13,3A5iMPgr04NuH9fTtFcoj1,Within,spotify:track:3A5iMPgr04NuH9fTtFcoj1,255346,0.774,0.443,0.396,0.0,0.311,-7.558,0.0394,121.669,0.228,8
Sarah Geronimo,One Heart,14,3HMfPdOCFB9LCKDp4kmq4o,"Fallin' - From ""Catch Me...I'm In Love""",spotify:track:3HMfPdOCFB9LCKDp4kmq4o,204973,0.88,0.702,0.333,0.0,0.0675,-6.636,0.0306,123.869,0.269,34
Sarah Geronimo,Your Christmas Girl,1,6kZSuit2hJiXNGHnU80Ljm,Your Christmas Girl,spotify:track:6kZSuit2hJiXNGHnU80Ljm,276093,0.322,0.347,0.453,0.0,0.0871,-8.129,0.0276,178.229,0.178,32
Sarah Geronimo,Your Christmas Girl,2,1THIjrB3qc9fX3Yqs98wX1,Sana Ngayong Pasko,spotify:track:1THIjrB3qc9fX3Yqs98wX1,237493,0.693,0.516,0.443,2.44e-06,0.102,-7.178,0.0271,131.744,0.181,37
Sarah Geronimo,Your Christmas Girl,3,7DAOG9kVc8R2h5HDuDCYIg,Little Christmas Tree,spotify:track:7DAOG9kVc8R2h5HDuDCYIg,221200,0.343,0.484,0.735,0.0,0.141,-6.178,0.0295,168.027,0.375,16
Sarah Geronimo,Your Christmas Girl,4,4xEJU9VIk5B7oIv54VcHbM,You'Re All I Want For Christmas,spotify:track:4xEJU9VIk5B7oIv54VcHbM,195453,0.795,0.397,0.414,0.0,0.125,-8.382,0.0261,88.98,0.354,19
Sarah Geronimo,Your Christmas Girl,5,3tpRUmnXr7tOqdY0aPJUDz,White Christmas,spotify:track:3tpRUmnXr7tOqdY0aPJUDz,175946,0.328,0.54,0.708,0.0,0.133,-6.225,0.0302,121.971,0.658,18
Sarah Geronimo,Your Christmas Girl,6,2LaHGdOJO8zc9rYMkkB4qn,A Perfect Christmas,spotify:track:2LaHGdOJO8zc9rYMkkB4qn,254293,0.342,0.576,0.577,0.0,0.0731,-7.564,0.0262,87.517,0.297,31
Sarah Geronimo,Your Christmas Girl,7,47CODQYpPtkuS9l5CD5I0G,I'Ll Be Home For Christmas,spotify:track:47CODQYpPtkuS9l5CD5I0G,240320,0.897,0.399,0.298,1.88e-06,0.101,-9.872,0.028,88.891,0.299,33
Sarah Geronimo,Your Christmas Girl,8,6QuYk63UpXzLvojPio3NZa,Miss Kita Kung Christmas,spotify:track:6QuYk63UpXzLvojPio3NZa,257773,0.6,0.531,0.496,0.0,0.0987,-8.246,0.0244,78.968,0.235,23
Sarah Geronimo,Your Christmas Girl,9,04nh96fjXi5O1uV9aMsElH,Christmas Wish,spotify:track:04nh96fjXi5O1uV9aMsElH,237173,0.684,0.529,0.498,0.0,0.0669,-7.513,0.0236,94.96,0.151,15
Sarah Geronimo,Your Christmas Girl,10,45R6CMhBIvbpbNRfXI4paI,Gift Of Love,spotify:track:45R6CMhBIvbpbNRfXI4paI,231440,0.464,0.537,0.54,0.0,0.326,-8.096,0.0289,135.687,0.353,16
Sarah Geronimo,OPM,1,0moCF0a9XsQ8G7YyZyriTL,"Ngayon, Bukas At Kailanman - Theme Song From ""Baler""",spotify:track:0moCF0a9XsQ8G7YyZyriTL,266573,0.897,0.178,0.322,1.53e-05,0.096,-6.852,0.0318,75.464,0.0699,18
Sarah Geronimo,OPM,2,7LAGbAwR4vpQCe3Ryth8ku,"Ikaw Ang Aking Pangarap - Theme Song From ""Lobo""",spotify:track:7LAGbAwR4vpQCe3Ryth8ku,280506,0.84,0.254,0.257,1.04e-05,0.163,-7.638,0.0354,75.104,0.14,23
Sarah Geronimo,OPM,3,007kWGEvI5cGCATloqpNAI,Kailangan Kita,spotify:track:007kWGEvI5cGCATloqpNAI,276560,0.914,0.318,0.238,1.45e-05,0.108,-6.119,0.031,137.583,0.28,16
Sarah Geronimo,OPM,4,3udih0bTqto9zDP72himRM,Kung Ako Na Lang Sana,spotify:track:3udih0bTqto9zDP72himRM,248466,0.707,0.704,0.425,0.0,0.0797,-6.574,0.028,125.92,0.284,45
Sarah Geronimo,OPM,5,33h9X28rTtLC1Ph8Y6dFP5,Minsan,spotify:track:33h9X28rTtLC1Ph8Y6dFP5,242000,0.857,0.45,0.25,0.000105,0.103,-12.452,0.028,82.958,0.172,9
Sarah Geronimo,OPM,6,4c3X2ZwRdeu1pw2g0ZTHHw,Ikaw,spotify:track:4c3X2ZwRdeu1pw2g0ZTHHw,296453,0.0164,0.637,0.52,0.0,0.106,-8.621,0.0273,107.967,0.399,11
Sarah Geronimo,OPM,7,7JPJQpuaU330JnT54GMmro,Sa Iyo,spotify:track:7JPJQpuaU330JnT54GMmro,217440,0.019,0.649,0.687,0.0,0.136,-7.443,0.0333,113.965,0.38,36
Sarah Geronimo,OPM,8,0R2ir9ak0Ghi58QLs54RDa,Pers Lab,spotify:track:0R2ir9ak0Ghi58QLs54RDa,161853,0.946,0.475,0.141,2.86e-06,0.122,-13.411,0.0335,147.676,0.196,12
Sarah Geronimo,OPM,9,4w3olFOoUzIzq5dvDEMblm,Miss,spotify:track:4w3olFOoUzIzq5dvDEMblm,221946,0.309,0.643,0.838,0.0,0.146,-4.607,0.0459,126.111,0.419,7
Sarah Geronimo,OPM,10,3KCOinitxRC10B0ScUmgLN,Lumingon Ka Lang,spotify:track:3KCOinitxRC10B0ScUmgLN,225066,0.0743,0.733,0.931,1.53e-06,0.142,-5.508,0.0367,126.858,0.959,8
Sarah Geronimo,OPM,11,5RNhSleYzfJi9VKoDRblde,Kahit Na,spotify:track:5RNhSleYzfJi9VKoDRblde,239640,0.793,0.517,0.462,6.87e-06,0.105,-5.89,0.0284,123.878,0.104,8
Sarah Geronimo,OPM,12,0JLxvJ9vxHtfWEXIbhCVAY,Pangarap Na Bituin,spotify:track:0JLxvJ9vxHtfWEXIbhCVAY,230413,0.85,0.253,0.212,6.22e-06,0.134,-10.862,0.0344,87.041,0.143,21
Sarah Geronimo,OPM,13,5msPGoMrcoUovJsw2lNP0D,Ibulong Sa Hangin,spotify:track:5msPGoMrcoUovJsw2lNP0D,255213,0.89,0.362,0.216,0.0,0.149,-7.428,0.0324,96.59,0.118,19
Sarah Geronimo,OPM,14,3tdIE8wCCmneCvIez68Sxi,Hanggang Kailan,spotify:track:3tdIE8wCCmneCvIez68Sxi,255666,0.919,0.311,0.284,2.78e-06,0.2,-7.87,0.0274,102.739,0.141,7
Sarah Geronimo,OPM,15,59PdA9JPCf6QF2N1QQhU9t,Pangarap ko Ang Ibigin Ka,spotify:track:59PdA9JPCf6QF2N1QQhU9t,285906,0.863,0.29,0.289,1.05e-06,0.228,-8.191,0.0324,131.847,0.239,29
Sarah Geronimo,OPM,16,4u9Fo1O7PZLRWXa8VQTDUO,Bituing Walang Ningning,spotify:track:4u9Fo1O7PZLRWXa8VQTDUO,296213,0.812,0.353,0.359,0.0,0.127,-7.305,0.0294,142.203,0.139,34
Sarah Geronimo,OPM,17,2IxM2dhWw2LsiN0Wrt84RE,Narito,spotify:track:2IxM2dhWw2LsiN0Wrt84RE,216920,0.703,0.644,0.426,0.0128,0.114,-7.648,0.027,119.919,0.349,15
Sarah Geronimo,OPM,18,6TYNYyt0SmpauZkY00ilpb,Paano Kita Mapasasalamatan,spotify:track:6TYNYyt0SmpauZkY00ilpb,254333,0.921,0.362,0.22,1.9e-05,0.102,-8.362,0.0337,116.136,0.106,23
Sarah Geronimo,Just Me Repackaged,1,05ucYZjHOygxsDvkoThkqG,You Changed My Life In A Moment,spotify:track:05ucYZjHOygxsDvkoThkqG,211306,0.759,0.333,0.65,0.0,0.251,-5.193,0.0306,160.9,0.341,0
Sarah Geronimo,Just Me Repackaged,2,1UkSeK3GWY6xhuAOlG1n0N,I'Ll Be There,spotify:track:1UkSeK3GWY6xhuAOlG1n0N,232266,0.0285,0.642,0.848,0.0,0.347,-4.586,0.0277,98.995,0.867,6
Sarah Geronimo,Just Me Repackaged,3,2Q0cvfyXDEnTZBlXKBACfM,You'Re the Love Of My Life,spotify:track:2Q0cvfyXDEnTZBlXKBACfM,235226,0.458,0.503,0.515,0.0,0.194,-6.088,0.0282,127.92,0.237,0
Sarah Geronimo,Just Me Repackaged,4,5K3NyLPEJMRX5xOueBocCo,Dahil Minahal Mo Ako,spotify:track:5K3NyLPEJMRX5xOueBocCo,251586,0.596,0.535,0.552,0.0,0.342,-6.18,0.0278,134.997,0.211,0
Sarah Geronimo,Just Me Repackaged,5,4AtfGMVH73f56Lm22P1O1z,Where Only Angels Fly,spotify:track:4AtfGMVH73f56Lm22P1O1z,239880,0.0563,0.466,0.473,0.0,0.0898,-6.997,0.0281,127.847,0.0879,0
Sarah Geronimo,Just Me Repackaged,6,4PtP2zUjVL9pRsW8kgfTUd,Silence,spotify:track:4PtP2zUjVL9pRsW8kgfTUd,181613,0.183,0.829,0.637,1.7e-05,0.101,-6.384,0.0408,109.981,0.439,0
Sarah Geronimo,Just Me Repackaged,7,0sFh5Xdg7y9ErU8Wnp9GVS,One Little Kiss,spotify:track:0sFh5Xdg7y9ErU8Wnp9GVS,241640,0.125,0.527,0.514,0.0,0.12,-7.12,0.0275,126.767,0.339,0
Sarah Geronimo,Just Me Repackaged,8,4dsYiQzppUNsc8v5uQqhWp,I Belong to You,spotify:track:4dsYiQzppUNsc8v5uQqhWp,213746,0.444,0.362,0.504,0.0,0.155,-6.65,0.0299,103.838,0.184,0
Sarah Geronimo,Just Me Repackaged,9,5SfHs33Hsiofl7n3k0kPm0,Just Me,spotify:track:5SfHs33Hsiofl7n3k0kPm0,220920,0.223,0.563,0.678,0.0,0.445,-6.689,0.274,137.04,0.639,0
Sarah Geronimo,Just Me Repackaged,10,5hkDR1CBcc5hEFAAur4vsX,Look Inside Ourselves,spotify:track:5hkDR1CBcc5hEFAAur4vsX,257252,0.14,0.539,0.668,0.0,0.076,-5.513,0.027,141.983,0.251,0
Sarah Geronimo,Just Me Repackaged,11,0jehWyg1S0kdZlV4GqSA6z,Kahit Mahal Mo Ay Iba,spotify:track:0jehWyg1S0kdZlV4GqSA6z,225893,0.0499,0.572,0.685,0.0,0.36,-6.529,0.0258,82.01,0.468,0
Sarah Geronimo,Just Me Repackaged,12,0LeRdKJxAsEJINskRrbMG4,Played,spotify:track:0LeRdKJxAsEJINskRrbMG4,208440,0.139,0.771,0.793,2.8e-06,0.432,-6.735,0.0464,101.985,0.702,0
Sarah Geronimo,Just Me Repackaged,13,2vTA8OVvO99coqESxdtdXk,Sweet Memories,spotify:track:2vTA8OVvO99coqESxdtdXk,241840,0.0799,0.596,0.498,0.0,0.0621,-7.229,0.0254,114.065,0.249,0
Sarah Geronimo,Just Me Repackaged,14,2NKrnsYVJQRa0M5PwUALke,I Am Falling,spotify:track:2NKrnsYVJQRa0M5PwUALke,249453,0.266,0.594,0.669,0.0,0.0727,-5.704,0.0279,132.003,0.19,0
Sarah Geronimo,Just Me Repackaged,15,3DfsrKygpcoLbpGs8H7o0X,What Have You Done to My Heart,spotify:track:3DfsrKygpcoLbpGs8H7o0X,229733,0.13,0.596,0.659,0.0,0.158,-6.693,0.0282,101.782,0.422,0
Sarah Geronimo,Just Me Repackaged,16,4NvTVSu5vfEACXA1Wf6CC5,Remind Me to Forget You,spotify:track:4NvTVSu5vfEACXA1Wf6CC5,239373,0.151,0.447,0.639,0.0,0.329,-6.559,0.0494,165.908,0.483,0
Sarah Geronimo,Just Me Repackaged,17,60BfEyvTnbFTaiTfRQb0Oq,Movie Love,spotify:track:60BfEyvTnbFTaiTfRQb0Oq,256186,0.0354,0.475,0.743,0.0,0.126,-5.468,0.0674,205.817,0.386,0
Sarah Geronimo,Just Me,1,43nCvwJexifaALAaVWRrKI,I'll Be There,spotify:track:43nCvwJexifaALAaVWRrKI,232253,0.0326,0.646,0.849,0.0,0.356,-4.595,0.0276,99.019,0.882,4
Sarah Geronimo,Just Me,2,6q5W2lHSdbe3tpyVSQjSgA,You're the Love of My Life,spotify:track:6q5W2lHSdbe3tpyVSQjSgA,235226,0.486,0.469,0.528,0.0,0.209,-6.093,0.0294,127.785,0.223,1
Sarah Geronimo,Just Me,3,6nVvk6lM6omUUwHapjn6yg,Dahil Minahal Mo Ako,spotify:track:6nVvk6lM6omUUwHapjn6yg,251586,0.6,0.512,0.548,0.0,0.299,-6.231,0.0278,134.946,0.217,3
Sarah Geronimo,Just Me,4,5u2aSFIQKC6DIeHKwqqfPi,Where Only Angels Fly,spotify:track:5u2aSFIQKC6DIeHKwqqfPi,239866,0.0544,0.47,0.471,0.0,0.1,-6.98,0.0283,127.898,0.0944,1
Sarah Geronimo,Just Me,5,3ry8wn6DD5WmQbvjSsEeLH,Silence,spotify:track:3ry8wn6DD5WmQbvjSsEeLH,181600,0.179,0.823,0.641,1.45e-05,0.0988,-6.385,0.0417,109.972,0.4,0
Sarah Geronimo,Just Me,6,2JAWEY4ZhUeRb9XSIOJEzl,One Little Kiss,spotify:track:2JAWEY4ZhUeRb9XSIOJEzl,241626,0.118,0.534,0.53,0.0,0.129,-7.182,0.0281,126.827,0.362,1
Sarah Geronimo,Just Me,7,6ZqNVj95NUvTsx4bLDgQOr,I Belong to You,spotify:track:6ZqNVj95NUvTsx4bLDgQOr,213733,0.431,0.564,0.498,0.0,0.146,-6.711,0.0258,103.859,0.2,1
Sarah Geronimo,Just Me,8,2IHBHNOtlytpsHijHCJN3z,Just Me,spotify:track:2IHBHNOtlytpsHijHCJN3z,220920,0.22,0.558,0.683,0.0,0.439,-6.665,0.293,134.645,0.691,0
Sarah Geronimo,Just Me,9,5mdCtgGn9RVXoqYn2t48E4,Look Inside Ourselves,spotify:track:5mdCtgGn9RVXoqYn2t48E4,257253,0.131,0.528,0.666,0.0,0.075,-5.536,0.028,141.996,0.239,1
Sarah Geronimo,Just Me,10,1swlnLjbIZFMWNEb6TIP3R,Kahit Mahal Mo Ay Iba,spotify:track:1swlnLjbIZFMWNEb6TIP3R,225880,0.0445,0.539,0.669,0.0,0.351,-6.51,0.0268,81.979,0.453,2
Sarah Geronimo,Just Me,11,1cQCfeoZWlSZOXfj1f1zpc,Played,spotify:track:1cQCfeoZWlSZOXfj1f1zpc,208453,0.135,0.777,0.784,1.17e-06,0.476,-6.726,0.0454,101.998,0.681,0
Sarah Geronimo,Just Me,12,1wJjm9eyRZ5sfg7MpAygEq,Sweet Memories,spotify:track:1wJjm9eyRZ5sfg7MpAygEq,241853,0.0824,0.599,0.498,0.0,0.0662,-7.214,0.0252,114.063,0.256,1
Sarah Geronimo,Just Me,13,1fwXSFjPSE5iEZLaJbLul7,I Am Falling,spotify:track:1fwXSFjPSE5iEZLaJbLul7,249440,0.24,0.593,0.669,0.0,0.0728,-5.683,0.0284,132.004,0.207,1
Sarah Geronimo,Just Me,14,3kTdAEL0sFmcW7dPS3THwx,What Have You Done to My Heart,spotify:track:3kTdAEL0sFmcW7dPS3THwx,229720,0.112,0.386,0.661,0.0,0.202,-6.658,0.0374,203.278,0.437,0
Sarah Geronimo,Just Me,15,5y75S9m7JPpj4AggfIEWiX,Remind Me to Forgot You,spotify:track:5y75S9m7JPpj4AggfIEWiX,239360,0.144,0.327,0.633,0.0,0.306,-6.573,0.0516,165.986,0.49,1
Sarah Geronimo,Just Me,16,5Pwzi296zZlkU78aFPKylZ,Movie Love,spotify:track:5Pwzi296zZlkU78aFPKylZ,256173,0.0332,0.482,0.739,0.0,0.122,-5.434,0.0634,205.76,0.378,0
Sarah Geronimo,Taking Flight,1,1cnsLS8S22Q2xLO4F5VzuE,Ikaw,spotify:track:1cnsLS8S22Q2xLO4F5VzuE,295426,0.0096,0.629,0.52,0.0,0.0822,-7.661,0.0268,107.991,0.371,30
Sarah Geronimo,Taking Flight,2,2Oi1LI6thVKS0vPetXD5wo,I'M Sorry,spotify:track:2Oi1LI6thVKS0vPetXD5wo,278613,0.394,0.495,0.421,0.0,0.0963,-6.834,0.0363,133.686,0.0704,9
Sarah Geronimo,Taking Flight,3,6oXdZNSygB4EsK6tNKNUfp,Time to Let Go,spotify:track:6oXdZNSygB4EsK6tNKNUfp,277866,0.606,0.428,0.398,0.0,0.0829,-7.25,0.0322,129.607,0.0697,14
Sarah Geronimo,Taking Flight,4,0a9RrymQMt5OdMNvjXtPE0,Miss,spotify:track:0a9RrymQMt5OdMNvjXtPE0,220920,0.257,0.628,0.865,0.0,0.147,-3.825,0.0555,126.075,0.411,7
Sarah Geronimo,Taking Flight,5,2wCqs67m7QK67jjjpxEY6V,I'Ll Be Here,spotify:track:2wCqs67m7QK67jjjpxEY6V,200533,0.625,0.405,0.44,0.0,0.31,-5.31,0.0307,136.506,0.207,8
Sarah Geronimo,Taking Flight,6,7Ir6IwVrC8O1l3zd9ldZlH,Mr. Deadma,spotify:track:7Ir6IwVrC8O1l3zd9ldZlH,201760,0.0329,0.712,0.787,0.0,0.152,-4.289,0.0285,119.985,0.5,4
Sarah Geronimo,Taking Flight,7,18MQ0ZqvvZPlWPKy8QTqf3,Kahit Na,spotify:track:18MQ0ZqvvZPlWPKy8QTqf3,239346,0.693,0.454,0.535,0.0,0.14,-5.992,0.0278,123.925,0.0657,16
Sarah Geronimo,Becoming,1,6ny1KOjY9Z6o7lwDLClMJV,I Still Believe in Loving You,spotify:track:6ny1KOjY9Z6o7lwDLClMJV,272813,0.76,0.473,0.454,0.0,0.113,-7.011,0.0284,123.647,0.172,36
Sarah Geronimo,Becoming,2,0AX6euf2sGm0TdDL9bB6dD,Iingatan KO - Ang Pag-Ibig Mo,spotify:track:0AX6euf2sGm0TdDL9bB6dD,232253,0.201,0.748,0.862,0.0,0.287,-5.392,0.0282,106.033,0.866,5
Sarah Geronimo,Becoming,3,2AHTWVwDkciS8vCDfjdX3B,You Mean the World to Me,spotify:track:2AHTWVwDkciS8vCDfjdX3B,227453,0.178,0.723,0.813,0.0,0.246,-3.141,0.0333,116.025,0.895,4
Sarah Geronimo,Becoming,4,7mX3A0PLSstYIjUKIa0MFt,Carry My Love - Amor Cobarde,spotify:track:7mX3A0PLSstYIjUKIa0MFt,243106,0.321,0.608,0.714,0.0,0.598,-3.627,0.03,117.765,0.427,15
Sarah Geronimo,Becoming,5,5f8HaVjrH5HDWZEz0iW0NJ,After Love,spotify:track:5f8HaVjrH5HDWZEz0iW0NJ,237813,0.0623,0.804,0.72,0.0,0.241,-5.115,0.0313,107.994,0.958,4
Sarah Geronimo,Becoming,6,3f6haEVWZyCWUW05EAZR2S,Baby Blue,spotify:track:3f6haEVWZyCWUW05EAZR2S,237093,0.488,0.681,0.812,0.0,0.0702,-3.683,0.0284,123.977,0.525,4
Sarah Geronimo,Becoming,7,3gBj9qkcn5cMFWEAAFykjZ,Ala Ala Mo,spotify:track:3gBj9qkcn5cMFWEAAFykjZ,214400,0.563,0.531,0.476,0.0,0.111,-7.352,0.0277,71.989,0.324,4
Sarah Geronimo,Becoming,8,6WgmVSFNZB8Fssei69GMhD,And I'm in Love Again,spotify:track:6WgmVSFNZB8Fssei69GMhD,217773,0.0265,0.636,0.832,0.0,0.282,-4.301,0.0621,98.96,0.486,4
Sarah Geronimo,Becoming,9,2E8ZuHAfcR1owcHKokcvEV,Kaibigan,spotify:track:2E8ZuHAfcR1owcHKokcvEV,224960,0.547,0.561,0.562,0.0,0.143,-5.926,0.0276,144.019,0.554,4
Sarah Geronimo,Becoming,10,6mvHVCYCqggLHpIw7RWrgI,Don't You Worry,spotify:track:6mvHVCYCqggLHpIw7RWrgI,185426,0.0531,0.791,0.902,1.01e-06,0.266,-3.494,0.0422,109.998,0.861,3
Sarah Geronimo,Becoming,11,6xRSXRHvAku6K8TmeFAsbs,Magliliwanag Rin...muli,spotify:track:6xRSXRHvAku6K8TmeFAsbs,210413,0.694,0.501,0.578,0.0,0.171,-5.144,0.028,134.262,0.323,3
Sarah Geronimo,Becoming,12,5TgmcGEWQSPVN7hnpPtbIt,Is This Love?,spotify:track:5TgmcGEWQSPVN7hnpPtbIt,189200,0.108,0.722,0.741,0.0,0.291,-3.218,0.0908,82.112,0.764,6
Sarah Geronimo,Becoming,13,3DDmTj1bEJrSkmHhxaZPtv,Peace Is All We Know,spotify:track:3DDmTj1bEJrSkmHhxaZPtv,196306,0.458,0.701,0.826,0.0,0.0776,-4.675,0.0299,92.986,0.8,3
Sarah Geronimo,Becoming,14,4IMrAmw4FOtJwSgClELWNA,So Heartbroken,spotify:track:4IMrAmw4FOtJwSgClELWNA,213546,0.444,0.521,0.487,0.0,0.131,-7.269,0.0267,72.01,0.323,4
Sarah Geronimo,Becoming,1,4nLlMpOFDwYxyfC9O3bex8,I Still Believe in Loving You,spotify:track:4nLlMpOFDwYxyfC9O3bex8,272813,0.778,0.486,0.436,0.0,0.109,-6.978,0.0283,123.689,0.204,27
Sarah Geronimo,Becoming,2,5Pk6V9Zf3OxdEiwt5VuPVk,Iingatan Ko (Ang Pag-Ibig Mo),spotify:track:5Pk6V9Zf3OxdEiwt5VuPVk,232253,0.189,0.75,0.868,0.0,0.285,-5.367,0.0279,106.016,0.878,2
Sarah Geronimo,Becoming,3,3rbCmNv6PFQsvidc8poJQV,You Mean the World to Me,spotify:track:3rbCmNv6PFQsvidc8poJQV,227453,0.177,0.722,0.811,0.0,0.267,-3.125,0.0334,116.034,0.9,1
Sarah Geronimo,Becoming,4,42szxX4hR8M0CiEUhQKdlC,Carry My Love,spotify:track:42szxX4hR8M0CiEUhQKdlC,243106,0.327,0.596,0.705,0.0,0.608,-3.585,0.0297,117.791,0.445,9
Sarah Geronimo,Becoming,5,4yOc3QlPfMTwUcm443uN3T,After Love,spotify:track:4yOc3QlPfMTwUcm443uN3T,237813,0.0669,0.809,0.726,1.07e-06,0.234,-5.118,0.0311,108.013,0.962,1
Sarah Geronimo,Becoming,6,4eMXlWjutOjnfOBKNNu946,Baby Blue,spotify:track:4eMXlWjutOjnfOBKNNu946,237093,0.44,0.682,0.822,0.0,0.0719,-3.673,0.029,123.975,0.551,1
Sarah Geronimo,Becoming,7,0HjjLIrswqRefykCC8HNqi,Ala Ala Mo,spotify:track:0HjjLIrswqRefykCC8HNqi,214400,0.576,0.533,0.463,0.0,0.104,-7.356,0.0275,71.995,0.357,2
Sarah Geronimo,Becoming,8,32MGNXSHJAE5tJp4Pq4EXS,And I'm in Love Again,spotify:track:32MGNXSHJAE5tJp4Pq4EXS,217773,0.025,0.622,0.82,0.0,0.279,-4.322,0.0634,98.942,0.509,2
Sarah Geronimo,Becoming,9,2gnZ8hSfdVhCOlCYhg1V8q,Kaibigan,spotify:track:2gnZ8hSfdVhCOlCYhg1V8q,224960,0.606,0.559,0.564,0.0,0.149,-5.949,0.0275,144.021,0.538,2
Sarah Geronimo,Becoming,10,7Cgw1stw0C5o8OywHJoWEW,Don't You Worry,spotify:track:7Cgw1stw0C5o8OywHJoWEW,185426,0.067,0.799,0.905,0.0,0.254,-3.484,0.045,110.027,0.879,1
Sarah Geronimo,Becoming,11,1uyjiUdaZ1wZ1SMqv2AfZE,Magiliwangag Rin  Muli,spotify:track:1uyjiUdaZ1wZ1SMqv2AfZE,210413,0.689,0.504,0.588,0.0,0.172,-5.151,0.0281,134.235,0.318,1
Sarah Geronimo,Becoming,12,7yk5VhbVbvSrNi6U7162dE,Is This Love?,spotify:track:7yk5VhbVbvSrNi6U7162dE,189200,0.11,0.725,0.754,0.0,0.291,-3.189,0.0957,82.107,0.783,1
Sarah Geronimo,Becoming,13,3lryKhtVc0UHBaCeOO5GC3,Peace Is All We Know,spotify:track:3lryKhtVc0UHBaCeOO5GC3,196306,0.461,0.698,0.815,0.0,0.0796,-4.641,0.0308,92.987,0.781,0
Sarah Geronimo,Becoming,14,5NLmAEuokz0AyMuKsut2RD,So Heartbroken,spotify:track:5NLmAEuokz0AyMuKsut2RD,213546,0.457,0.524,0.476,0.0,0.121,-7.269,0.0267,71.988,0.346,1
Sarah Geronimo,Sweet Sixteen,1,7AQK7ihYgF8iVQrxAs1aRH,How Could You Say You Love Me,spotify:track:7AQK7ihYgF8iVQrxAs1aRH,245093,0.724,0.534,0.391,0.0,0.197,-8.264,0.0286,131.807,0.239,48
Sarah Geronimo,Sweet Sixteen,2,4FCgQeaKTViWKqirhP1Nvn,Lumingon Ka Lang,spotify:track:4FCgQeaKTViWKqirhP1Nvn,223480,0.0736,0.739,0.835,1.75e-06,0.181,-9.775,0.034,126.832,0.952,24
Sarah Geronimo,Sweet Sixteen,3,0uJXTXVRRRUf42yeNvNZLu,I Want to Know What Love Is,spotify:track:0uJXTXVRRRUf42yeNvNZLu,302693,0.0885,0.619,0.414,0.000472,0.218,-10.996,0.0404,80.003,0.277,28
Sarah Geronimo,Sweet Sixteen,4,6eNe5wPyNxz5NfpJWLnOne,Minsan,spotify:track:6eNe5wPyNxz5NfpJWLnOne,241973,0.854,0.448,0.254,0.000158,0.101,-12.39,0.0283,82.923,0.201,14
Sarah Geronimo,Sweet Sixteen,5,0AGUG9qCuf1oyKnkZlBDh0,Champion,spotify:track:0AGUG9qCuf1oyKnkZlBDh0,206560,0.195,0.709,0.778,0.0,0.293,-8.918,0.0385,131.871,0.717,6
Sarah Geronimo,Sweet Sixteen,6,6fzvA86YfFl3AJImxwfSQa,Love of My Life,spotify:track:6fzvA86YfFl3AJImxwfSQa,232653,0.799,0.619,0.318,0.000124,0.106,-12.788,0.0272,133.951,0.215,9
Sarah Geronimo,Sweet Sixteen,7,54iakLaiFPLbyyqCHQvokN,And You Smiled at Me,spotify:track:54iakLaiFPLbyyqCHQvokN,201933,0.784,0.677,0.438,0.0,0.0796,-9.879,0.0344,106.076,0.343,6
Sarah Geronimo,Sweet Sixteen,8,3CvxBWAdP2gZq26dWrDGIw,Hanggang Kailan,spotify:track:3CvxBWAdP2gZq26dWrDGIw,255666,0.921,0.286,0.2,9.16e-06,0.193,-11.896,0.0294,101.834,0.166,11
Sarah Geronimo,Sweet Sixteen,9,1ixOF8hNPVSrVz24RmBxkj,Prinsesa Ng Puso Mo,spotify:track:1ixOF8hNPVSrVz24RmBxkj,232280,0.26,0.762,0.511,0.0,0.0689,-12.304,0.0365,122.256,0.654,6
Sarah Geronimo,Sweet Sixteen,10,4QHOrnjNt1Fs29sb1Kk4Gf,Before I Let You Go,spotify:track:4QHOrnjNt1Fs29sb1Kk4Gf,263946,0.105,0.702,0.263,0.0,0.158,-12.698,0.042,125.874,0.253,13
Sarah Geronimo,Sweet Sixteen,11,6btd6dzSOA1qNfY6BePgtb,Love Can't Lie,spotify:track:6btd6dzSOA1qNfY6BePgtb,287826,0.845,0.342,0.237,0.0,0.0962,-11.944,0.0284,82.233,0.0884,25
Sarah Geronimo,Sweet Sixteen,12,09bSzrwqOeSQQ9EwMS9ODr,You're Taking My Breath Away,spotify:track:09bSzrwqOeSQQ9EwMS9ODr,230400,0.454,0.349,0.289,0.0,0.0799,-15.667,0.04,129.971,0.366,6
Sarah Geronimo,Sweet Sixteen,13,1VnRxXL2s3arGjq7oiUieo,You Don't Know Me,spotify:track:1VnRxXL2s3arGjq7oiUieo,198960,0.718,0.631,0.231,1.41e-06,0.0888,-14.054,0.0331,107.797,0.175,7
Sarah Geronimo,Sweet Sixteen,14,2WxKKcRDk98OrKrdQnKXrD,Sana,spotify:track:2WxKKcRDk98OrKrdQnKXrD,221040,0.591,0.701,0.513,1.87e-06,0.105,-9.145,0.0276,91.004,0.674,8
Sarah Geronimo,Sweet Sixteen,15,30vyiusb4zHjXZPISwSlVE,Kay Gandang Umaga,spotify:track:30vyiusb4zHjXZPISwSlVE,226160,0.779,0.573,0.45,4.84e-06,0.143,-10.939,0.0262,100.047,0.307,8
Sarah Geronimo,Sweet Sixteen,16,4oKe0nVRXREX67YAEHWNX1,Light of a Million Mornings,spotify:track:4oKe0nVRXREX67YAEHWNX1,283346,0.814,0.371,0.205,0.0,0.0799,-10.381,0.0341,110.986,0.069,13
Sarah Geronimo,Sweet Sixteen,17,2XaJ4z4E3v2tdnPPnVwF7S,Bonus: Tunay Talaga - Charmee,spotify:track:2XaJ4z4E3v2tdnPPnVwF7S,166066,0.0801,0.714,0.819,0.0,0.255,-7.837,0.0512,130.016,0.47,6
Sarah Geronimo,Sweet Sixteen,18,58Ge9VWZWlKTGvctnxGLqQ,Bonus: Bulletin Song,spotify:track:58Ge9VWZWlKTGvctnxGLqQ,147573,0.315,0.732,0.736,0.0,0.122,-9.538,0.0348,125.926,0.927,4
Sarah Geronimo,Just Me Repackaged,1,0Fp2NJotGSA2dELKywcD96,You Changed My Life in a Moment,spotify:track:0Fp2NJotGSA2dELKywcD96,211306,0.759,0.333,0.65,0.0,0.251,-5.193,0.0306,160.9,0.341,44
Sarah Geronimo,Just Me Repackaged,2,3xNuhctLXbif4sWdlagiYj,I'll Be There,spotify:track:3xNuhctLXbif4sWdlagiYj,232266,0.0285,0.642,0.848,0.0,0.347,-4.586,0.0277,98.995,0.867,32
Sarah Geronimo,Just Me Repackaged,3,1LM97sph3LvLthJPrtrxpI,You're the Love of My Life,spotify:track:1LM97sph3LvLthJPrtrxpI,235226,0.458,0.503,0.515,0.0,0.194,-6.088,0.0282,127.92,0.237,6
Sarah Geronimo,Just Me Repackaged,4,0KTfoNE8tkMMFrQ6kNNL1R,Dahil Minahal Mo Ako,spotify:track:0KTfoNE8tkMMFrQ6kNNL1R,251586,0.596,0.535,0.552,0.0,0.342,-6.18,0.0278,134.997,0.211,37
Sarah Geronimo,Just Me Repackaged,5,5frYnTf4FSVWPBLWMv9Juy,Where Only Angels Fly,spotify:track:5frYnTf4FSVWPBLWMv9Juy,239880,0.0563,0.466,0.473,0.0,0.0898,-6.997,0.0281,127.847,0.0879,7
Sarah Geronimo,Just Me Repackaged,6,0bIzaPppUDRDPHSKSx9Wpn,Silence,spotify:track:0bIzaPppUDRDPHSKSx9Wpn,181613,0.183,0.829,0.637,1.7e-05,0.101,-6.384,0.0408,109.981,0.439,5
Sarah Geronimo,Just Me Repackaged,7,0WW5Vky8gydZFFO4GWbEhx,One Little Kiss,spotify:track:0WW5Vky8gydZFFO4GWbEhx,241640,0.125,0.527,0.514,0.0,0.12,-7.12,0.0275,126.767,0.339,6
Sarah Geronimo,Just Me Repackaged,8,6P9rrGmCqOnjbeGPadA819,I Belong to You,spotify:track:6P9rrGmCqOnjbeGPadA819,213746,0.444,0.362,0.504,0.0,0.155,-6.65,0.0299,103.838,0.184,6
Sarah Geronimo,Just Me Repackaged,9,6eMW9gU4SXSLOCZJG2Bs4A,Just Me,spotify:track:6eMW9gU4SXSLOCZJG2Bs4A,220920,0.223,0.563,0.678,0.0,0.445,-6.689,0.274,137.04,0.639,5
Sarah Geronimo,Just Me Repackaged,10,6p0rLei2IGLzFF4IsNHKqf,Look Inside Ourselves,spotify:track:6p0rLei2IGLzFF4IsNHKqf,257252,0.14,0.539,0.668,0.0,0.076,-5.513,0.027,141.983,0.251,5
Sarah Geronimo,Just Me Repackaged,11,6DiU52yfD2jriO3OwrEYdk,Kahit Mahal Mo Ay Iba,spotify:track:6DiU52yfD2jriO3OwrEYdk,225893,0.0499,0.572,0.685,0.0,0.36,-6.529,0.0258,82.01,0.468,8
Sarah Geronimo,Just Me Repackaged,12,36gYW1N8FvAtMLQbozUgTQ,Played,spotify:track:36gYW1N8FvAtMLQbozUgTQ,208440,0.139,0.771,0.793,2.8e-06,0.432,-6.735,0.0464,101.985,0.702,6
Sarah Geronimo,Just Me Repackaged,13,2WmtKPRDGlIXPHHzcxLpEh,Sweet Memories,spotify:track:2WmtKPRDGlIXPHHzcxLpEh,241840,0.0799,0.596,0.498,0.0,0.0621,-7.229,0.0254,114.065,0.249,6
Sarah Geronimo,Just Me Repackaged,14,0HzAEy83J4387Yv7Y02WaE,I Am Falling,spotify:track:0HzAEy83J4387Yv7Y02WaE,249453,0.266,0.594,0.669,0.0,0.0727,-5.704,0.0279,132.003,0.19,5
Sarah Geronimo,Just Me Repackaged,15,0aIQypylCuBCxGu8qBgRe0,What Have You Done to My Heart,spotify:track:0aIQypylCuBCxGu8qBgRe0,229733,0.13,0.596,0.659,0.0,0.158,-6.693,0.0282,101.782,0.422,5
Sarah Geronimo,Just Me Repackaged,16,2djX5jp7mWVpZOgQu4BDcN,Remind Me to Forget You,spotify:track:2djX5jp7mWVpZOgQu4BDcN,239373,0.151,0.447,0.639,0.0,0.329,-6.559,0.0494,165.908,0.483,7
Sarah Geronimo,Just Me Repackaged,17,4tJiJkYizFml4mQkiV2NH6,Movie Love,spotify:track:4tJiJkYizFml4mQkiV2NH6,256186,0.0354,0.475,0.743,0.0,0.126,-5.468,0.0674,205.817,0.386,5
